gpu,model,held_out,kernel_name,bs,seq,n_heads,head_dim,kv_heads,dtype,gpu_time_duration_ms,target_us
A100,Llama-70B,True,"void pytorch_flash::flash_fwd_kernel<Flash_fwd_kernel_traits<128, 128, 64, 4, 0, 0, cutlass::bfloat16_t, Flash_kernel_traits<128, 128, 64, 4, cutlass::bfloat16_t>>, 0, 1, 0, 0, 1, 1, 0, 0>(pytorch_flash::Flash_fwd_params)",1.0,128.0,64.0,128.0,8.0,bf16,0.02029,20.29
A100,Llama-70B,True,"void pytorch_flash::flash_fwd_kernel<Flash_fwd_kernel_traits<128, 128, 64, 4, 0, 0, cutlass::bfloat16_t, Flash_kernel_traits<128, 128, 64, 4, cutlass::bfloat16_t>>, 0, 1, 0, 0, 1, 1, 0, 0>(pytorch_flash::Flash_fwd_params)",1.0,128.0,64.0,128.0,8.0,bf16,0.02032,20.32
A100,Llama-70B,True,"void pytorch_flash::flash_fwd_kernel<Flash_fwd_kernel_traits<128, 128, 64, 4, 0, 0, cutlass::bfloat16_t, Flash_kernel_traits<128, 128, 64, 4, cutlass::bfloat16_t>>, 0, 1, 0, 0, 1, 1, 0, 0>(pytorch_flash::Flash_fwd_params)",1.0,128.0,64.0,128.0,8.0,bf16,0.02016,20.16
A100,Llama-70B,True,"void pytorch_flash::flash_fwd_kernel<Flash_fwd_kernel_traits<128, 128, 64, 4, 0, 0, cutlass::bfloat16_t, Flash_kernel_traits<128, 128, 64, 4, cutlass::bfloat16_t>>, 0, 1, 0, 0, 1, 1, 0, 0>(pytorch_flash::Flash_fwd_params)",1.0,128.0,64.0,128.0,8.0,bf16,0.0201,20.1
A100,Llama-70B,True,"void pytorch_flash::flash_fwd_kernel<Flash_fwd_kernel_traits<128, 128, 64, 4, 0, 0, cutlass::bfloat16_t, Flash_kernel_traits<128, 128, 64, 4, cutlass::bfloat16_t>>, 0, 1, 0, 0, 1, 1, 0, 0>(pytorch_flash::Flash_fwd_params)",1.0,128.0,64.0,128.0,8.0,bf16,0.02019,20.19
A100,Llama-70B,True,"void pytorch_flash::flash_fwd_kernel<Flash_fwd_kernel_traits<128, 128, 64, 4, 0, 0, cutlass::bfloat16_t, Flash_kernel_traits<128, 128, 64, 4, cutlass::bfloat16_t>>, 0, 1, 0, 0, 1, 1, 0, 0>(pytorch_flash::Flash_fwd_params)",1.0,128.0,64.0,128.0,8.0,bf16,0.0201,20.1
A100,Llama-70B,True,"void pytorch_flash::flash_fwd_kernel<Flash_fwd_kernel_traits<128, 128, 64, 4, 0, 0, cutlass::bfloat16_t, Flash_kernel_traits<128, 128, 64, 4, cutlass::bfloat16_t>>, 0, 1, 0, 0, 1, 1, 0, 0>(pytorch_flash::Flash_fwd_params)",1.0,128.0,64.0,128.0,8.0,bf16,0.02045,20.45
A100,Llama-70B,True,"void pytorch_flash::flash_fwd_kernel<Flash_fwd_kernel_traits<128, 128, 64, 4, 0, 0, cutlass::bfloat16_t, Flash_kernel_traits<128, 128, 64, 4, cutlass::bfloat16_t>>, 0, 1, 0, 0, 1, 1, 0, 0>(pytorch_flash::Flash_fwd_params)",1.0,128.0,64.0,128.0,8.0,bf16,0.02035,20.35
A100,Llama-70B,True,"void pytorch_flash::flash_fwd_kernel<Flash_fwd_kernel_traits<128, 128, 64, 4, 0, 0, cutlass::bfloat16_t, Flash_kernel_traits<128, 128, 64, 4, cutlass::bfloat16_t>>, 0, 1, 0, 0, 1, 1, 0, 0>(pytorch_flash::Flash_fwd_params)",1.0,128.0,64.0,128.0,8.0,bf16,0.02042,20.42
A100,Llama-70B,True,"void pytorch_flash::flash_fwd_kernel<Flash_fwd_kernel_traits<128, 128, 64, 4, 0, 0, cutlass::bfloat16_t, Flash_kernel_traits<128, 128, 64, 4, cutlass::bfloat16_t>>, 0, 1, 0, 0, 1, 1, 0, 0>(pytorch_flash::Flash_fwd_params)",1.0,128.0,64.0,128.0,8.0,bf16,0.02038,20.38
A100,Llama-70B,True,"void pytorch_flash::flash_fwd_kernel<Flash_fwd_kernel_traits<128, 128, 64, 4, 0, 0, cutlass::bfloat16_t, Flash_kernel_traits<128, 128, 64, 4, cutlass::bfloat16_t>>, 0, 1, 0, 0, 1, 1, 0, 0>(pytorch_flash::Flash_fwd_params)",1.0,128.0,64.0,128.0,8.0,bf16,0.01955,19.55
A100,Llama-70B,True,"void pytorch_flash::flash_fwd_kernel<Flash_fwd_kernel_traits<128, 128, 64, 4, 0, 0, cutlass::bfloat16_t, Flash_kernel_traits<128, 128, 64, 4, cutlass::bfloat16_t>>, 0, 1, 0, 0, 1, 1, 0, 0>(pytorch_flash::Flash_fwd_params)",1.0,128.0,64.0,128.0,8.0,bf16,0.02061,20.61
A100,Llama-70B,True,"void pytorch_flash::flash_fwd_kernel<Flash_fwd_kernel_traits<128, 128, 64, 4, 0, 0, cutlass::bfloat16_t, Flash_kernel_traits<128, 128, 64, 4, cutlass::bfloat16_t>>, 0, 1, 0, 0, 1, 1, 0, 0>(pytorch_flash::Flash_fwd_params)",1.0,128.0,64.0,128.0,8.0,bf16,0.0198099999999999,19.8099999999999
A100,Llama-70B,True,"void pytorch_flash::flash_fwd_kernel<Flash_fwd_kernel_traits<128, 128, 64, 4, 0, 0, cutlass::bfloat16_t, Flash_kernel_traits<128, 128, 64, 4, cutlass::bfloat16_t>>, 0, 1, 0, 0, 1, 1, 0, 0>(pytorch_flash::Flash_fwd_params)",1.0,128.0,64.0,128.0,8.0,bf16,0.0198099999999999,19.8099999999999
A100,Llama-70B,True,"void pytorch_flash::flash_fwd_kernel<Flash_fwd_kernel_traits<128, 128, 64, 4, 0, 0, cutlass::bfloat16_t, Flash_kernel_traits<128, 128, 64, 4, cutlass::bfloat16_t>>, 0, 1, 0, 0, 1, 1, 0, 0>(pytorch_flash::Flash_fwd_params)",1.0,128.0,64.0,128.0,8.0,bf16,0.02013,20.13
A100,Llama-70B,True,"void pytorch_flash::flash_fwd_kernel<Flash_fwd_kernel_traits<128, 128, 64, 4, 0, 0, cutlass::bfloat16_t, Flash_kernel_traits<128, 128, 64, 4, cutlass::bfloat16_t>>, 0, 1, 0, 0, 1, 1, 0, 0>(pytorch_flash::Flash_fwd_params)",1.0,128.0,64.0,128.0,8.0,bf16,0.02,20.0
A100,Llama-70B,True,"void pytorch_flash::flash_fwd_kernel<Flash_fwd_kernel_traits<128, 128, 64, 4, 0, 0, cutlass::bfloat16_t, Flash_kernel_traits<128, 128, 64, 4, cutlass::bfloat16_t>>, 0, 1, 0, 0, 1, 1, 0, 0>(pytorch_flash::Flash_fwd_params)",1.0,128.0,64.0,128.0,8.0,bf16,0.01984,19.84
A100,Llama-70B,True,"void pytorch_flash::flash_fwd_kernel<Flash_fwd_kernel_traits<128, 128, 64, 4, 0, 0, cutlass::bfloat16_t, Flash_kernel_traits<128, 128, 64, 4, cutlass::bfloat16_t>>, 0, 1, 0, 0, 1, 1, 0, 0>(pytorch_flash::Flash_fwd_params)",1.0,128.0,64.0,128.0,8.0,bf16,0.02013,20.13
A100,Llama-70B,True,"void pytorch_flash::flash_fwd_kernel<Flash_fwd_kernel_traits<128, 128, 64, 4, 0, 0, cutlass::bfloat16_t, Flash_kernel_traits<128, 128, 64, 4, cutlass::bfloat16_t>>, 0, 1, 0, 0, 1, 1, 0, 0>(pytorch_flash::Flash_fwd_params)",1.0,128.0,64.0,128.0,8.0,bf16,0.02013,20.13
A100,Llama-70B,True,"void pytorch_flash::flash_fwd_kernel<Flash_fwd_kernel_traits<128, 128, 64, 4, 0, 0, cutlass::bfloat16_t, Flash_kernel_traits<128, 128, 64, 4, cutlass::bfloat16_t>>, 0, 1, 0, 0, 1, 1, 0, 0>(pytorch_flash::Flash_fwd_params)",1.0,128.0,64.0,128.0,8.0,bf16,0.02013,20.13
A100,Llama-70B,True,"void pytorch_flash::flash_fwd_kernel<Flash_fwd_kernel_traits<128, 128, 64, 4, 0, 0, cutlass::bfloat16_t, Flash_kernel_traits<128, 128, 64, 4, cutlass::bfloat16_t>>, 0, 1, 0, 0, 1, 1, 0, 0>(pytorch_flash::Flash_fwd_params)",1.0,128.0,64.0,128.0,8.0,bf16,0.0201,20.1
A100,Llama-70B,True,"void pytorch_flash::flash_fwd_kernel<Flash_fwd_kernel_traits<128, 128, 64, 4, 0, 0, cutlass::bfloat16_t, Flash_kernel_traits<128, 128, 64, 4, cutlass::bfloat16_t>>, 0, 1, 0, 0, 1, 1, 0, 0>(pytorch_flash::Flash_fwd_params)",1.0,128.0,64.0,128.0,8.0,bf16,0.02,20.0
A100,Llama-70B,True,"void pytorch_flash::flash_fwd_kernel<Flash_fwd_kernel_traits<128, 128, 64, 4, 0, 0, cutlass::bfloat16_t, Flash_kernel_traits<128, 128, 64, 4, cutlass::bfloat16_t>>, 0, 1, 0, 0, 1, 1, 0, 0>(pytorch_flash::Flash_fwd_params)",1.0,128.0,64.0,128.0,8.0,bf16,0.02035,20.35
A100,Llama-70B,True,"void pytorch_flash::flash_fwd_kernel<Flash_fwd_kernel_traits<128, 128, 64, 4, 0, 0, cutlass::bfloat16_t, Flash_kernel_traits<128, 128, 64, 4, cutlass::bfloat16_t>>, 0, 1, 0, 0, 1, 1, 0, 0>(pytorch_flash::Flash_fwd_params)",1.0,128.0,64.0,128.0,8.0,bf16,0.0201,20.1
A100,Llama-70B,True,"void pytorch_flash::flash_fwd_kernel<Flash_fwd_kernel_traits<128, 128, 64, 4, 0, 0, cutlass::bfloat16_t, Flash_kernel_traits<128, 128, 64, 4, cutlass::bfloat16_t>>, 0, 1, 0, 0, 1, 1, 0, 0>(pytorch_flash::Flash_fwd_params)",1.0,128.0,64.0,128.0,8.0,bf16,0.0199699999999999,19.9699999999999
A100,Llama-70B,True,"void pytorch_flash::flash_fwd_kernel<Flash_fwd_kernel_traits<128, 128, 64, 4, 0, 0, cutlass::bfloat16_t, Flash_kernel_traits<128, 128, 64, 4, cutlass::bfloat16_t>>, 0, 1, 0, 0, 1, 1, 0, 0>(pytorch_flash::Flash_fwd_params)",1.0,128.0,64.0,128.0,8.0,bf16,0.02,20.0
A100,Llama-70B,True,"void pytorch_flash::flash_fwd_kernel<Flash_fwd_kernel_traits<128, 128, 64, 4, 0, 0, cutlass::bfloat16_t, Flash_kernel_traits<128, 128, 64, 4, cutlass::bfloat16_t>>, 0, 1, 0, 0, 1, 1, 0, 0>(pytorch_flash::Flash_fwd_params)",1.0,128.0,64.0,128.0,8.0,bf16,0.02026,20.26
A100,Llama-70B,True,"void pytorch_flash::flash_fwd_kernel<Flash_fwd_kernel_traits<128, 128, 64, 4, 0, 0, cutlass::bfloat16_t, Flash_kernel_traits<128, 128, 64, 4, cutlass::bfloat16_t>>, 0, 1, 0, 0, 1, 1, 0, 0>(pytorch_flash::Flash_fwd_params)",1.0,128.0,64.0,128.0,8.0,bf16,0.02029,20.29
A100,Llama-70B,True,"void pytorch_flash::flash_fwd_kernel<Flash_fwd_kernel_traits<128, 128, 64, 4, 0, 0, cutlass::bfloat16_t, Flash_kernel_traits<128, 128, 64, 4, cutlass::bfloat16_t>>, 0, 1, 0, 0, 1, 1, 0, 0>(pytorch_flash::Flash_fwd_params)",1.0,128.0,64.0,128.0,8.0,bf16,0.0198099999999999,19.8099999999999
A100,Llama-70B,True,"void pytorch_flash::flash_fwd_kernel<Flash_fwd_kernel_traits<128, 128, 64, 4, 0, 0, cutlass::bfloat16_t, Flash_kernel_traits<128, 128, 64, 4, cutlass::bfloat16_t>>, 0, 1, 0, 0, 1, 1, 0, 0>(pytorch_flash::Flash_fwd_params)",1.0,128.0,64.0,128.0,8.0,bf16,0.0199699999999999,19.9699999999999
A100,Llama-70B,True,"void pytorch_flash::flash_fwd_kernel<Flash_fwd_kernel_traits<128, 128, 64, 4, 0, 0, cutlass::bfloat16_t, Flash_kernel_traits<128, 128, 64, 4, cutlass::bfloat16_t>>, 0, 1, 0, 0, 1, 1, 0, 0>(pytorch_flash::Flash_fwd_params)",1.0,128.0,64.0,128.0,8.0,bf16,0.02016,20.16
A100,Llama-70B,True,"void pytorch_flash::flash_fwd_kernel<Flash_fwd_kernel_traits<128, 128, 64, 4, 0, 0, cutlass::bfloat16_t, Flash_kernel_traits<128, 128, 64, 4, cutlass::bfloat16_t>>, 0, 1, 0, 0, 1, 1, 0, 0>(pytorch_flash::Flash_fwd_params)",1.0,128.0,64.0,128.0,8.0,bf16,0.02,20.0
A100,Llama-70B,True,"void pytorch_flash::flash_fwd_kernel<Flash_fwd_kernel_traits<128, 128, 64, 4, 0, 0, cutlass::bfloat16_t, Flash_kernel_traits<128, 128, 64, 4, cutlass::bfloat16_t>>, 0, 1, 0, 0, 1, 1, 0, 0>(pytorch_flash::Flash_fwd_params)",1.0,128.0,64.0,128.0,8.0,bf16,0.01952,19.52
A100,Llama-70B,True,"void pytorch_flash::flash_fwd_kernel<Flash_fwd_kernel_traits<128, 128, 64, 4, 0, 0, cutlass::bfloat16_t, Flash_kernel_traits<128, 128, 64, 4, cutlass::bfloat16_t>>, 0, 1, 0, 0, 1, 1, 0, 0>(pytorch_flash::Flash_fwd_params)",1.0,128.0,64.0,128.0,8.0,bf16,0.02003,20.029999999999998
A100,Llama-70B,True,"void pytorch_flash::flash_fwd_kernel<Flash_fwd_kernel_traits<128, 128, 64, 4, 0, 0, cutlass::bfloat16_t, Flash_kernel_traits<128, 128, 64, 4, cutlass::bfloat16_t>>, 0, 1, 0, 0, 1, 1, 0, 0>(pytorch_flash::Flash_fwd_params)",1.0,128.0,64.0,128.0,8.0,bf16,0.02,20.0
A100,Llama-70B,True,"void pytorch_flash::flash_fwd_kernel<Flash_fwd_kernel_traits<128, 128, 64, 4, 0, 0, cutlass::bfloat16_t, Flash_kernel_traits<128, 128, 64, 4, cutlass::bfloat16_t>>, 0, 1, 0, 0, 1, 1, 0, 0>(pytorch_flash::Flash_fwd_params)",1.0,128.0,64.0,128.0,8.0,bf16,0.02003,20.029999999999998
A100,Llama-70B,True,"void pytorch_flash::flash_fwd_kernel<Flash_fwd_kernel_traits<128, 128, 64, 4, 0, 0, cutlass::bfloat16_t, Flash_kernel_traits<128, 128, 64, 4, cutlass::bfloat16_t>>, 0, 1, 0, 0, 1, 1, 0, 0>(pytorch_flash::Flash_fwd_params)",1.0,128.0,64.0,128.0,8.0,bf16,0.0201,20.1
A100,Llama-70B,True,"void pytorch_flash::flash_fwd_kernel<Flash_fwd_kernel_traits<128, 128, 64, 4, 0, 0, cutlass::bfloat16_t, Flash_kernel_traits<128, 128, 64, 4, cutlass::bfloat16_t>>, 0, 1, 0, 0, 1, 1, 0, 0>(pytorch_flash::Flash_fwd_params)",1.0,128.0,64.0,128.0,8.0,bf16,0.0198999999999999,19.8999999999999
A100,Llama-70B,True,"void pytorch_flash::flash_fwd_kernel<Flash_fwd_kernel_traits<128, 128, 64, 4, 0, 0, cutlass::bfloat16_t, Flash_kernel_traits<128, 128, 64, 4, cutlass::bfloat16_t>>, 0, 1, 0, 0, 1, 1, 0, 0>(pytorch_flash::Flash_fwd_params)",1.0,128.0,64.0,128.0,8.0,bf16,0.0199699999999999,19.9699999999999
A100,Llama-70B,True,"void pytorch_flash::flash_fwd_kernel<Flash_fwd_kernel_traits<128, 128, 64, 4, 0, 0, cutlass::bfloat16_t, Flash_kernel_traits<128, 128, 64, 4, cutlass::bfloat16_t>>, 0, 1, 0, 0, 1, 1, 0, 0>(pytorch_flash::Flash_fwd_params)",1.0,128.0,64.0,128.0,8.0,bf16,0.01994,19.939999999999998
A100,Llama-70B,True,"void pytorch_flash::flash_fwd_kernel<Flash_fwd_kernel_traits<128, 128, 64, 4, 0, 0, cutlass::bfloat16_t, Flash_kernel_traits<128, 128, 64, 4, cutlass::bfloat16_t>>, 0, 1, 0, 0, 1, 1, 0, 0>(pytorch_flash::Flash_fwd_params)",1.0,128.0,64.0,128.0,8.0,bf16,0.02016,20.16
A100,Llama-70B,True,"void pytorch_flash::flash_fwd_kernel<Flash_fwd_kernel_traits<128, 128, 64, 4, 0, 0, cutlass::bfloat16_t, Flash_kernel_traits<128, 128, 64, 4, cutlass::bfloat16_t>>, 0, 1, 0, 0, 1, 1, 0, 0>(pytorch_flash::Flash_fwd_params)",1.0,128.0,64.0,128.0,8.0,bf16,0.02,20.0
A100,Llama-70B,True,"void pytorch_flash::flash_fwd_kernel<Flash_fwd_kernel_traits<128, 128, 64, 4, 0, 0, cutlass::bfloat16_t, Flash_kernel_traits<128, 128, 64, 4, cutlass::bfloat16_t>>, 0, 1, 0, 0, 1, 1, 0, 0>(pytorch_flash::Flash_fwd_params)",1.0,128.0,64.0,128.0,8.0,bf16,0.01962,19.619999999999997
A100,Llama-70B,True,"void pytorch_flash::flash_fwd_kernel<Flash_fwd_kernel_traits<128, 128, 64, 4, 0, 0, cutlass::bfloat16_t, Flash_kernel_traits<128, 128, 64, 4, cutlass::bfloat16_t>>, 0, 1, 0, 0, 1, 1, 0, 0>(pytorch_flash::Flash_fwd_params)",1.0,128.0,64.0,128.0,8.0,bf16,0.02013,20.13
A100,Llama-70B,True,"void pytorch_flash::flash_fwd_kernel<Flash_fwd_kernel_traits<128, 128, 64, 4, 0, 0, cutlass::bfloat16_t, Flash_kernel_traits<128, 128, 64, 4, cutlass::bfloat16_t>>, 0, 1, 0, 0, 1, 1, 0, 0>(pytorch_flash::Flash_fwd_params)",1.0,128.0,64.0,128.0,8.0,bf16,0.01962,19.619999999999997
A100,Llama-70B,True,"void pytorch_flash::flash_fwd_kernel<Flash_fwd_kernel_traits<128, 128, 64, 4, 0, 0, cutlass::bfloat16_t, Flash_kernel_traits<128, 128, 64, 4, cutlass::bfloat16_t>>, 0, 1, 0, 0, 1, 1, 0, 0>(pytorch_flash::Flash_fwd_params)",1.0,128.0,64.0,128.0,8.0,bf16,0.01984,19.84
A100,Llama-70B,True,"void pytorch_flash::flash_fwd_kernel<Flash_fwd_kernel_traits<128, 128, 64, 4, 0, 0, cutlass::bfloat16_t, Flash_kernel_traits<128, 128, 64, 4, cutlass::bfloat16_t>>, 0, 1, 0, 0, 1, 1, 0, 0>(pytorch_flash::Flash_fwd_params)",1.0,128.0,64.0,128.0,8.0,bf16,0.02,20.0
A100,Llama-70B,True,"void pytorch_flash::flash_fwd_kernel<Flash_fwd_kernel_traits<128, 128, 64, 4, 0, 0, cutlass::bfloat16_t, Flash_kernel_traits<128, 128, 64, 4, cutlass::bfloat16_t>>, 0, 1, 0, 0, 1, 1, 0, 0>(pytorch_flash::Flash_fwd_params)",1.0,128.0,64.0,128.0,8.0,bf16,0.01987,19.869999999999997
A100,Llama-70B,True,"void pytorch_flash::flash_fwd_kernel<Flash_fwd_kernel_traits<128, 128, 64, 4, 0, 0, cutlass::bfloat16_t, Flash_kernel_traits<128, 128, 64, 4, cutlass::bfloat16_t>>, 0, 1, 0, 0, 1, 1, 0, 0>(pytorch_flash::Flash_fwd_params)",1.0,128.0,64.0,128.0,8.0,bf16,0.02032,20.32
A100,Llama-70B,True,"void pytorch_flash::flash_fwd_kernel<Flash_fwd_kernel_traits<128, 128, 64, 4, 0, 0, cutlass::bfloat16_t, Flash_kernel_traits<128, 128, 64, 4, cutlass::bfloat16_t>>, 0, 1, 0, 0, 1, 1, 0, 0>(pytorch_flash::Flash_fwd_params)",1.0,128.0,64.0,128.0,8.0,bf16,0.0198999999999999,19.8999999999999
A100,Llama-70B,True,"void pytorch_flash::flash_fwd_kernel<Flash_fwd_kernel_traits<128, 128, 64, 4, 0, 0, cutlass::bfloat16_t, Flash_kernel_traits<128, 128, 64, 4, cutlass::bfloat16_t>>, 0, 1, 0, 0, 1, 1, 0, 0>(pytorch_flash::Flash_fwd_params)",1.0,128.0,64.0,128.0,8.0,bf16,0.02029,20.29
A100,Llama-70B,True,"void pytorch_flash::flash_fwd_kernel<Flash_fwd_kernel_traits<128, 128, 64, 4, 0, 0, cutlass::bfloat16_t, Flash_kernel_traits<128, 128, 64, 4, cutlass::bfloat16_t>>, 0, 1, 0, 0, 1, 1, 0, 0>(pytorch_flash::Flash_fwd_params)",1.0,128.0,64.0,128.0,8.0,bf16,0.01994,19.939999999999998
A100,Llama-70B,True,"void pytorch_flash::flash_fwd_kernel<Flash_fwd_kernel_traits<128, 128, 64, 4, 0, 0, cutlass::bfloat16_t, Flash_kernel_traits<128, 128, 64, 4, cutlass::bfloat16_t>>, 0, 1, 0, 0, 1, 1, 0, 0>(pytorch_flash::Flash_fwd_params)",1.0,128.0,64.0,128.0,8.0,bf16,0.0199699999999999,19.9699999999999
A100,Llama-70B,True,"void pytorch_flash::flash_fwd_kernel<Flash_fwd_kernel_traits<128, 128, 64, 4, 0, 0, cutlass::bfloat16_t, Flash_kernel_traits<128, 128, 64, 4, cutlass::bfloat16_t>>, 0, 1, 0, 0, 1, 1, 0, 0>(pytorch_flash::Flash_fwd_params)",1.0,128.0,64.0,128.0,8.0,bf16,0.02,20.0
A100,Llama-70B,True,"void pytorch_flash::flash_fwd_kernel<Flash_fwd_kernel_traits<128, 128, 64, 4, 0, 0, cutlass::bfloat16_t, Flash_kernel_traits<128, 128, 64, 4, cutlass::bfloat16_t>>, 0, 1, 0, 0, 1, 1, 0, 0>(pytorch_flash::Flash_fwd_params)",1.0,128.0,64.0,128.0,8.0,bf16,0.0197399999999999,19.7399999999999
A100,Llama-70B,True,"void pytorch_flash::flash_fwd_kernel<Flash_fwd_kernel_traits<128, 128, 64, 4, 0, 0, cutlass::bfloat16_t, Flash_kernel_traits<128, 128, 64, 4, cutlass::bfloat16_t>>, 0, 1, 0, 0, 1, 1, 0, 0>(pytorch_flash::Flash_fwd_params)",1.0,128.0,64.0,128.0,8.0,bf16,0.0201,20.1
A100,Llama-70B,True,"void pytorch_flash::flash_fwd_kernel<Flash_fwd_kernel_traits<128, 128, 64, 4, 0, 0, cutlass::bfloat16_t, Flash_kernel_traits<128, 128, 64, 4, cutlass::bfloat16_t>>, 0, 1, 0, 0, 1, 1, 0, 0>(pytorch_flash::Flash_fwd_params)",1.0,128.0,64.0,128.0,8.0,bf16,0.02013,20.13
A100,Llama-70B,True,"void pytorch_flash::flash_fwd_kernel<Flash_fwd_kernel_traits<128, 128, 64, 4, 0, 0, cutlass::bfloat16_t, Flash_kernel_traits<128, 128, 64, 4, cutlass::bfloat16_t>>, 0, 1, 0, 0, 1, 1, 0, 0>(pytorch_flash::Flash_fwd_params)",1.0,128.0,64.0,128.0,8.0,bf16,0.01984,19.84
A100,Llama-70B,True,"void pytorch_flash::flash_fwd_kernel<Flash_fwd_kernel_traits<128, 128, 64, 4, 0, 0, cutlass::bfloat16_t, Flash_kernel_traits<128, 128, 64, 4, cutlass::bfloat16_t>>, 0, 1, 0, 0, 1, 1, 0, 0>(pytorch_flash::Flash_fwd_params)",1.0,128.0,64.0,128.0,8.0,bf16,0.02019,20.19
A100,Llama-70B,True,"void pytorch_flash::flash_fwd_kernel<Flash_fwd_kernel_traits<128, 128, 64, 4, 0, 0, cutlass::bfloat16_t, Flash_kernel_traits<128, 128, 64, 4, cutlass::bfloat16_t>>, 0, 1, 0, 0, 1, 1, 0, 0>(pytorch_flash::Flash_fwd_params)",1.0,128.0,64.0,128.0,8.0,bf16,0.02016,20.16
A100,Llama-70B,True,"void pytorch_flash::flash_fwd_kernel<Flash_fwd_kernel_traits<128, 128, 64, 4, 0, 0, cutlass::bfloat16_t, Flash_kernel_traits<128, 128, 64, 4, cutlass::bfloat16_t>>, 0, 1, 0, 0, 1, 1, 0, 0>(pytorch_flash::Flash_fwd_params)",1.0,128.0,64.0,128.0,8.0,bf16,0.02003,20.029999999999998
A100,Llama-70B,True,"void pytorch_flash::flash_fwd_kernel<Flash_fwd_kernel_traits<128, 128, 64, 4, 0, 0, cutlass::bfloat16_t, Flash_kernel_traits<128, 128, 64, 4, cutlass::bfloat16_t>>, 0, 1, 0, 0, 1, 1, 0, 0>(pytorch_flash::Flash_fwd_params)",1.0,128.0,64.0,128.0,8.0,bf16,0.02003,20.029999999999998
A100,Llama-70B,True,"void pytorch_flash::flash_fwd_kernel<Flash_fwd_kernel_traits<128, 128, 64, 4, 0, 0, cutlass::bfloat16_t, Flash_kernel_traits<128, 128, 64, 4, cutlass::bfloat16_t>>, 0, 1, 0, 0, 1, 1, 0, 0>(pytorch_flash::Flash_fwd_params)",1.0,128.0,64.0,128.0,8.0,bf16,0.02,20.0
A100,Llama-70B,True,"void pytorch_flash::flash_fwd_kernel<Flash_fwd_kernel_traits<128, 128, 64, 4, 0, 0, cutlass::bfloat16_t, Flash_kernel_traits<128, 128, 64, 4, cutlass::bfloat16_t>>, 0, 1, 0, 0, 1, 1, 0, 0>(pytorch_flash::Flash_fwd_params)",1.0,128.0,64.0,128.0,8.0,bf16,0.01984,19.84
A100,Llama-70B,True,"void pytorch_flash::flash_fwd_kernel<Flash_fwd_kernel_traits<128, 128, 64, 4, 0, 0, cutlass::bfloat16_t, Flash_kernel_traits<128, 128, 64, 4, cutlass::bfloat16_t>>, 0, 1, 0, 0, 1, 1, 0, 0>(pytorch_flash::Flash_fwd_params)",1.0,128.0,64.0,128.0,8.0,bf16,0.01978,19.779999999999998
A100,Llama-70B,True,"void pytorch_flash::flash_fwd_kernel<Flash_fwd_kernel_traits<128, 128, 64, 4, 0, 0, cutlass::bfloat16_t, Flash_kernel_traits<128, 128, 64, 4, cutlass::bfloat16_t>>, 0, 1, 0, 0, 1, 1, 0, 0>(pytorch_flash::Flash_fwd_params)",1.0,128.0,64.0,128.0,8.0,bf16,0.02003,20.029999999999998
A100,Llama-70B,True,"void pytorch_flash::flash_fwd_kernel<Flash_fwd_kernel_traits<128, 128, 64, 4, 0, 0, cutlass::bfloat16_t, Flash_kernel_traits<128, 128, 64, 4, cutlass::bfloat16_t>>, 0, 1, 0, 0, 1, 1, 0, 0>(pytorch_flash::Flash_fwd_params)",1.0,128.0,64.0,128.0,8.0,bf16,0.0200599999999999,20.0599999999999
A100,Llama-70B,True,"void pytorch_flash::flash_fwd_kernel<Flash_fwd_kernel_traits<128, 128, 64, 4, 0, 0, cutlass::bfloat16_t, Flash_kernel_traits<128, 128, 64, 4, cutlass::bfloat16_t>>, 0, 1, 0, 0, 1, 1, 0, 0>(pytorch_flash::Flash_fwd_params)",1.0,128.0,64.0,128.0,8.0,bf16,0.02019,20.19
A100,Llama-70B,True,"void pytorch_flash::flash_fwd_kernel<Flash_fwd_kernel_traits<128, 128, 64, 4, 0, 0, cutlass::bfloat16_t, Flash_kernel_traits<128, 128, 64, 4, cutlass::bfloat16_t>>, 0, 1, 0, 0, 1, 1, 0, 0>(pytorch_flash::Flash_fwd_params)",1.0,128.0,64.0,128.0,8.0,bf16,0.0197399999999999,19.7399999999999
A100,Llama-70B,True,"void pytorch_flash::flash_fwd_kernel<Flash_fwd_kernel_traits<128, 128, 64, 4, 0, 0, cutlass::bfloat16_t, Flash_kernel_traits<128, 128, 64, 4, cutlass::bfloat16_t>>, 0, 1, 0, 0, 1, 1, 0, 0>(pytorch_flash::Flash_fwd_params)",1.0,128.0,64.0,128.0,8.0,bf16,0.02003,20.029999999999998
A100,Llama-70B,True,"void pytorch_flash::flash_fwd_kernel<Flash_fwd_kernel_traits<128, 128, 64, 4, 0, 0, cutlass::bfloat16_t, Flash_kernel_traits<128, 128, 64, 4, cutlass::bfloat16_t>>, 0, 1, 0, 0, 1, 1, 0, 0>(pytorch_flash::Flash_fwd_params)",1.0,128.0,64.0,128.0,8.0,bf16,0.01987,19.869999999999997
A100,Llama-70B,True,"void pytorch_flash::flash_fwd_kernel<Flash_fwd_kernel_traits<128, 128, 64, 4, 0, 0, cutlass::bfloat16_t, Flash_kernel_traits<128, 128, 64, 4, cutlass::bfloat16_t>>, 0, 1, 0, 0, 1, 1, 0, 0>(pytorch_flash::Flash_fwd_params)",1.0,128.0,64.0,128.0,8.0,bf16,0.01994,19.939999999999998
A100,Llama-70B,True,"void pytorch_flash::flash_fwd_kernel<Flash_fwd_kernel_traits<128, 128, 64, 4, 0, 0, cutlass::bfloat16_t, Flash_kernel_traits<128, 128, 64, 4, cutlass::bfloat16_t>>, 0, 1, 0, 0, 1, 1, 0, 0>(pytorch_flash::Flash_fwd_params)",1.0,128.0,64.0,128.0,8.0,bf16,0.02032,20.32
A100,Llama-70B,True,"void pytorch_flash::flash_fwd_kernel<Flash_fwd_kernel_traits<128, 128, 64, 4, 0, 0, cutlass::bfloat16_t, Flash_kernel_traits<128, 128, 64, 4, cutlass::bfloat16_t>>, 0, 1, 0, 0, 1, 1, 0, 0>(pytorch_flash::Flash_fwd_params)",1.0,128.0,64.0,128.0,8.0,bf16,0.02032,20.32
A100,Llama-70B,True,"void pytorch_flash::flash_fwd_kernel<Flash_fwd_kernel_traits<128, 128, 64, 4, 0, 0, cutlass::bfloat16_t, Flash_kernel_traits<128, 128, 64, 4, cutlass::bfloat16_t>>, 0, 1, 0, 0, 1, 1, 0, 0>(pytorch_flash::Flash_fwd_params)",1.0,128.0,64.0,128.0,8.0,bf16,0.02003,20.029999999999998
A100,Llama-70B,True,"void pytorch_flash::flash_fwd_kernel<Flash_fwd_kernel_traits<128, 128, 64, 4, 0, 0, cutlass::bfloat16_t, Flash_kernel_traits<128, 128, 64, 4, cutlass::bfloat16_t>>, 0, 1, 0, 0, 1, 1, 0, 0>(pytorch_flash::Flash_fwd_params)",1.0,128.0,64.0,128.0,8.0,bf16,0.0199699999999999,19.9699999999999
A100,Llama-70B,True,"void pytorch_flash::flash_fwd_kernel<Flash_fwd_kernel_traits<128, 128, 64, 4, 0, 0, cutlass::bfloat16_t, Flash_kernel_traits<128, 128, 64, 4, cutlass::bfloat16_t>>, 0, 1, 0, 0, 1, 1, 0, 0>(pytorch_flash::Flash_fwd_params)",1.0,128.0,64.0,128.0,8.0,bf16,0.02042,20.42
A100,Llama-70B,True,"void pytorch_flash::flash_fwd_kernel<Flash_fwd_kernel_traits<128, 128, 64, 4, 0, 0, cutlass::bfloat16_t, Flash_kernel_traits<128, 128, 64, 4, cutlass::bfloat16_t>>, 0, 1, 0, 0, 1, 1, 0, 0>(pytorch_flash::Flash_fwd_params)",1.0,128.0,64.0,128.0,8.0,bf16,0.02026,20.26
A100,Llama-70B,True,"void pytorch_flash::flash_fwd_kernel<Flash_fwd_kernel_traits<128, 128, 64, 4, 0, 0, cutlass::bfloat16_t, Flash_kernel_traits<128, 128, 64, 4, cutlass::bfloat16_t>>, 0, 1, 0, 0, 1, 1, 0, 0>(pytorch_flash::Flash_fwd_params)",1.0,128.0,64.0,128.0,8.0,bf16,0.02042,20.42
A100,Llama-70B,True,"void pytorch_flash::flash_fwd_kernel<Flash_fwd_kernel_traits<128, 128, 64, 4, 0, 0, cutlass::bfloat16_t, Flash_kernel_traits<128, 128, 64, 4, cutlass::bfloat16_t>>, 0, 1, 0, 0, 1, 1, 0, 0>(pytorch_flash::Flash_fwd_params)",1.0,128.0,64.0,128.0,8.0,bf16,0.02042,20.42
A100,Llama-8B,False,"void pytorch_flash::flash_fwd_kernel<Flash_fwd_kernel_traits<128, 128, 64, 4, 0, 0, cutlass::bfloat16_t, Flash_kernel_traits<128, 128, 64, 4, cutlass::bfloat16_t>>, 0, 1, 0, 0, 1, 1, 0, 0>(pytorch_flash::Flash_fwd_params)",1.0,128.0,32.0,128.0,8.0,bf16,0.01843,18.43
A100,Llama-8B,False,"void pytorch_flash::flash_fwd_kernel<Flash_fwd_kernel_traits<128, 128, 64, 4, 0, 0, cutlass::bfloat16_t, Flash_kernel_traits<128, 128, 64, 4, cutlass::bfloat16_t>>, 0, 1, 0, 0, 1, 1, 0, 0>(pytorch_flash::Flash_fwd_params)",1.0,128.0,32.0,128.0,8.0,bf16,0.01952,19.52
A100,Llama-8B,False,"void pytorch_flash::flash_fwd_kernel<Flash_fwd_kernel_traits<128, 128, 64, 4, 0, 0, cutlass::bfloat16_t, Flash_kernel_traits<128, 128, 64, 4, cutlass::bfloat16_t>>, 0, 1, 0, 0, 1, 1, 0, 0>(pytorch_flash::Flash_fwd_params)",1.0,128.0,32.0,128.0,8.0,bf16,0.01949,19.490000000000002
A100,Llama-8B,False,"void pytorch_flash::flash_fwd_kernel<Flash_fwd_kernel_traits<128, 128, 64, 4, 0, 0, cutlass::bfloat16_t, Flash_kernel_traits<128, 128, 64, 4, cutlass::bfloat16_t>>, 0, 1, 0, 0, 1, 1, 0, 0>(pytorch_flash::Flash_fwd_params)",1.0,128.0,32.0,128.0,8.0,bf16,0.0191,19.099999999999998
A100,Llama-8B,False,"void pytorch_flash::flash_fwd_kernel<Flash_fwd_kernel_traits<128, 128, 64, 4, 0, 0, cutlass::bfloat16_t, Flash_kernel_traits<128, 128, 64, 4, cutlass::bfloat16_t>>, 0, 1, 0, 0, 1, 1, 0, 0>(pytorch_flash::Flash_fwd_params)",1.0,128.0,32.0,128.0,8.0,bf16,0.01914,19.14
A100,Llama-8B,False,"void pytorch_flash::flash_fwd_kernel<Flash_fwd_kernel_traits<128, 128, 64, 4, 0, 0, cutlass::bfloat16_t, Flash_kernel_traits<128, 128, 64, 4, cutlass::bfloat16_t>>, 0, 1, 0, 0, 1, 1, 0, 0>(pytorch_flash::Flash_fwd_params)",1.0,128.0,32.0,128.0,8.0,bf16,0.0190399999999999,19.0399999999999
A100,Llama-8B,False,"void pytorch_flash::flash_fwd_kernel<Flash_fwd_kernel_traits<128, 128, 64, 4, 0, 0, cutlass::bfloat16_t, Flash_kernel_traits<128, 128, 64, 4, cutlass::bfloat16_t>>, 0, 1, 0, 0, 1, 1, 0, 0>(pytorch_flash::Flash_fwd_params)",1.0,128.0,32.0,128.0,8.0,bf16,0.01968,19.68
A100,Llama-8B,False,"void pytorch_flash::flash_fwd_kernel<Flash_fwd_kernel_traits<128, 128, 64, 4, 0, 0, cutlass::bfloat16_t, Flash_kernel_traits<128, 128, 64, 4, cutlass::bfloat16_t>>, 0, 1, 0, 0, 1, 1, 0, 0>(pytorch_flash::Flash_fwd_params)",1.0,128.0,32.0,128.0,8.0,bf16,0.01955,19.55
A100,Llama-8B,False,"void pytorch_flash::flash_fwd_kernel<Flash_fwd_kernel_traits<128, 128, 64, 4, 0, 0, cutlass::bfloat16_t, Flash_kernel_traits<128, 128, 64, 4, cutlass::bfloat16_t>>, 0, 1, 0, 0, 1, 1, 0, 0>(pytorch_flash::Flash_fwd_params)",1.0,128.0,32.0,128.0,8.0,bf16,0.0192,19.2
A100,Llama-8B,False,"void pytorch_flash::flash_fwd_kernel<Flash_fwd_kernel_traits<128, 128, 64, 4, 0, 0, cutlass::bfloat16_t, Flash_kernel_traits<128, 128, 64, 4, cutlass::bfloat16_t>>, 0, 1, 0, 0, 1, 1, 0, 0>(pytorch_flash::Flash_fwd_params)",1.0,128.0,32.0,128.0,8.0,bf16,0.0191,19.099999999999998
A100,Llama-8B,False,"void pytorch_flash::flash_fwd_kernel<Flash_fwd_kernel_traits<128, 128, 64, 4, 0, 0, cutlass::bfloat16_t, Flash_kernel_traits<128, 128, 64, 4, cutlass::bfloat16_t>>, 0, 1, 0, 0, 1, 1, 0, 0>(pytorch_flash::Flash_fwd_params)",1.0,128.0,32.0,128.0,8.0,bf16,0.0191,19.099999999999998
A100,Llama-8B,False,"void pytorch_flash::flash_fwd_kernel<Flash_fwd_kernel_traits<128, 128, 64, 4, 0, 0, cutlass::bfloat16_t, Flash_kernel_traits<128, 128, 64, 4, cutlass::bfloat16_t>>, 0, 1, 0, 0, 1, 1, 0, 0>(pytorch_flash::Flash_fwd_params)",1.0,128.0,32.0,128.0,8.0,bf16,0.0198999999999999,19.8999999999999
A100,Llama-8B,False,"void pytorch_flash::flash_fwd_kernel<Flash_fwd_kernel_traits<128, 128, 64, 4, 0, 0, cutlass::bfloat16_t, Flash_kernel_traits<128, 128, 64, 4, cutlass::bfloat16_t>>, 0, 1, 0, 0, 1, 1, 0, 0>(pytorch_flash::Flash_fwd_params)",1.0,128.0,32.0,128.0,8.0,bf16,0.0196499999999999,19.6499999999999
A100,Llama-8B,False,"void pytorch_flash::flash_fwd_kernel<Flash_fwd_kernel_traits<128, 128, 64, 4, 0, 0, cutlass::bfloat16_t, Flash_kernel_traits<128, 128, 64, 4, cutlass::bfloat16_t>>, 0, 1, 0, 0, 1, 1, 0, 0>(pytorch_flash::Flash_fwd_params)",1.0,128.0,32.0,128.0,8.0,bf16,0.01917,19.169999999999998
A100,Llama-8B,False,"void pytorch_flash::flash_fwd_kernel<Flash_fwd_kernel_traits<128, 128, 64, 4, 0, 0, cutlass::bfloat16_t, Flash_kernel_traits<128, 128, 64, 4, cutlass::bfloat16_t>>, 0, 1, 0, 0, 1, 1, 0, 0>(pytorch_flash::Flash_fwd_params)",1.0,128.0,32.0,128.0,8.0,bf16,0.01946,19.46
A100,Llama-8B,False,"void pytorch_flash::flash_fwd_kernel<Flash_fwd_kernel_traits<128, 128, 64, 4, 0, 0, cutlass::bfloat16_t, Flash_kernel_traits<128, 128, 64, 4, cutlass::bfloat16_t>>, 0, 1, 0, 0, 1, 1, 0, 0>(pytorch_flash::Flash_fwd_params)",1.0,128.0,32.0,128.0,8.0,bf16,0.01923,19.23
A100,Llama-8B,False,"void pytorch_flash::flash_fwd_kernel<Flash_fwd_kernel_traits<128, 128, 64, 4, 0, 0, cutlass::bfloat16_t, Flash_kernel_traits<128, 128, 64, 4, cutlass::bfloat16_t>>, 0, 1, 0, 0, 1, 1, 0, 0>(pytorch_flash::Flash_fwd_params)",1.0,128.0,32.0,128.0,8.0,bf16,0.01968,19.68
A100,Llama-8B,False,"void pytorch_flash::flash_fwd_kernel<Flash_fwd_kernel_traits<128, 128, 64, 4, 0, 0, cutlass::bfloat16_t, Flash_kernel_traits<128, 128, 64, 4, cutlass::bfloat16_t>>, 0, 1, 0, 0, 1, 1, 0, 0>(pytorch_flash::Flash_fwd_params)",1.0,128.0,32.0,128.0,8.0,bf16,0.01952,19.52
A100,Llama-8B,False,"void pytorch_flash::flash_fwd_kernel<Flash_fwd_kernel_traits<128, 128, 64, 4, 0, 0, cutlass::bfloat16_t, Flash_kernel_traits<128, 128, 64, 4, cutlass::bfloat16_t>>, 0, 1, 0, 0, 1, 1, 0, 0>(pytorch_flash::Flash_fwd_params)",1.0,128.0,32.0,128.0,8.0,bf16,0.01936,19.36
A100,Llama-8B,False,"void pytorch_flash::flash_fwd_kernel<Flash_fwd_kernel_traits<128, 128, 64, 4, 0, 0, cutlass::bfloat16_t, Flash_kernel_traits<128, 128, 64, 4, cutlass::bfloat16_t>>, 0, 1, 0, 0, 1, 1, 0, 0>(pytorch_flash::Flash_fwd_params)",1.0,128.0,32.0,128.0,8.0,bf16,0.01923,19.23
A100,Llama-8B,False,"void pytorch_flash::flash_fwd_kernel<Flash_fwd_kernel_traits<128, 128, 64, 4, 0, 0, cutlass::bfloat16_t, Flash_kernel_traits<128, 128, 64, 4, cutlass::bfloat16_t>>, 0, 1, 0, 0, 1, 1, 0, 0>(pytorch_flash::Flash_fwd_params)",1.0,128.0,32.0,128.0,8.0,bf16,0.01917,19.169999999999998
A100,Llama-8B,False,"void pytorch_flash::flash_fwd_kernel<Flash_fwd_kernel_traits<128, 128, 64, 4, 0, 0, cutlass::bfloat16_t, Flash_kernel_traits<128, 128, 64, 4, cutlass::bfloat16_t>>, 0, 1, 0, 0, 1, 1, 0, 0>(pytorch_flash::Flash_fwd_params)",1.0,128.0,32.0,128.0,8.0,bf16,0.0196499999999999,19.6499999999999
A100,Llama-8B,False,"void pytorch_flash::flash_fwd_kernel<Flash_fwd_kernel_traits<128, 128, 64, 4, 0, 0, cutlass::bfloat16_t, Flash_kernel_traits<128, 128, 64, 4, cutlass::bfloat16_t>>, 0, 1, 0, 0, 1, 1, 0, 0>(pytorch_flash::Flash_fwd_params)",1.0,128.0,32.0,128.0,8.0,bf16,0.01942,19.419999999999998
A100,Llama-8B,False,"void pytorch_flash::flash_fwd_kernel<Flash_fwd_kernel_traits<128, 128, 64, 4, 0, 0, cutlass::bfloat16_t, Flash_kernel_traits<128, 128, 64, 4, cutlass::bfloat16_t>>, 0, 1, 0, 0, 1, 1, 0, 0>(pytorch_flash::Flash_fwd_params)",1.0,128.0,32.0,128.0,8.0,bf16,0.01914,19.14
A100,Llama-8B,False,"void pytorch_flash::flash_fwd_kernel<Flash_fwd_kernel_traits<128, 128, 64, 4, 0, 0, cutlass::bfloat16_t, Flash_kernel_traits<128, 128, 64, 4, cutlass::bfloat16_t>>, 0, 1, 0, 0, 1, 1, 0, 0>(pytorch_flash::Flash_fwd_params)",1.0,128.0,32.0,128.0,8.0,bf16,0.01914,19.14
A100,Llama-8B,False,"void pytorch_flash::flash_fwd_kernel<Flash_fwd_kernel_traits<128, 128, 64, 4, 0, 0, cutlass::bfloat16_t, Flash_kernel_traits<128, 128, 64, 4, cutlass::bfloat16_t>>, 0, 1, 0, 0, 1, 1, 0, 0>(pytorch_flash::Flash_fwd_params)",1.0,128.0,32.0,128.0,8.0,bf16,0.0192,19.2
A100,Llama-8B,False,"void pytorch_flash::flash_fwd_kernel<Flash_fwd_kernel_traits<128, 128, 64, 4, 0, 0, cutlass::bfloat16_t, Flash_kernel_traits<128, 128, 64, 4, cutlass::bfloat16_t>>, 0, 1, 0, 0, 1, 1, 0, 0>(pytorch_flash::Flash_fwd_params)",1.0,128.0,32.0,128.0,8.0,bf16,0.01955,19.55
A100,Llama-8B,False,"void pytorch_flash::flash_fwd_kernel<Flash_fwd_kernel_traits<128, 128, 64, 4, 0, 0, cutlass::bfloat16_t, Flash_kernel_traits<128, 128, 64, 4, cutlass::bfloat16_t>>, 0, 1, 0, 0, 1, 1, 0, 0>(pytorch_flash::Flash_fwd_params)",1.0,128.0,32.0,128.0,8.0,bf16,0.01971,19.709999999999997
A100,Llama-8B,False,"void pytorch_flash::flash_fwd_kernel<Flash_fwd_kernel_traits<128, 128, 64, 4, 0, 0, cutlass::bfloat16_t, Flash_kernel_traits<128, 128, 64, 4, cutlass::bfloat16_t>>, 0, 1, 0, 0, 1, 1, 0, 0>(pytorch_flash::Flash_fwd_params)",1.0,128.0,32.0,128.0,8.0,bf16,0.0192,19.2
A100,Llama-8B,False,"void pytorch_flash::flash_fwd_kernel<Flash_fwd_kernel_traits<128, 128, 64, 4, 0, 0, cutlass::bfloat16_t, Flash_kernel_traits<128, 128, 64, 4, cutlass::bfloat16_t>>, 0, 1, 0, 0, 1, 1, 0, 0>(pytorch_flash::Flash_fwd_params)",1.0,128.0,32.0,128.0,8.0,bf16,0.0191,19.099999999999998
A100,Llama-8B,False,"void pytorch_flash::flash_fwd_kernel<Flash_fwd_kernel_traits<128, 128, 64, 4, 0, 0, cutlass::bfloat16_t, Flash_kernel_traits<128, 128, 64, 4, cutlass::bfloat16_t>>, 0, 1, 0, 0, 1, 1, 0, 0>(pytorch_flash::Flash_fwd_params)",1.0,128.0,32.0,128.0,8.0,bf16,0.01914,19.14
A100,Llama-8B,False,"void pytorch_flash::flash_fwd_kernel<Flash_fwd_kernel_traits<128, 128, 64, 4, 0, 0, cutlass::bfloat16_t, Flash_kernel_traits<128, 128, 64, 4, cutlass::bfloat16_t>>, 0, 1, 0, 0, 1, 1, 0, 0>(pytorch_flash::Flash_fwd_params)",1.0,128.0,32.0,128.0,8.0,bf16,0.0191,19.099999999999998
A100,Llama-3.3-70B,True,"void pytorch_flash::flash_fwd_kernel<Flash_fwd_kernel_traits<128, 128, 64, 4, 0, 0, cutlass::bfloat16_t, Flash_kernel_traits<128, 128, 64, 4, cutlass::bfloat16_t>>, 0, 1, 0, 0, 1, 1, 0, 0>(pytorch_flash::Flash_fwd_params)",1.0,128.0,64.0,128.0,8.0,bf16,0.02067,20.67
A100,Llama-3.3-70B,True,"void pytorch_flash::flash_fwd_kernel<Flash_fwd_kernel_traits<128, 128, 64, 4, 0, 0, cutlass::bfloat16_t, Flash_kernel_traits<128, 128, 64, 4, cutlass::bfloat16_t>>, 0, 1, 0, 0, 1, 1, 0, 0>(pytorch_flash::Flash_fwd_params)",1.0,128.0,64.0,128.0,8.0,bf16,0.02022,20.22
A100,Llama-3.3-70B,True,"void pytorch_flash::flash_fwd_kernel<Flash_fwd_kernel_traits<128, 128, 64, 4, 0, 0, cutlass::bfloat16_t, Flash_kernel_traits<128, 128, 64, 4, cutlass::bfloat16_t>>, 0, 1, 0, 0, 1, 1, 0, 0>(pytorch_flash::Flash_fwd_params)",1.0,128.0,64.0,128.0,8.0,bf16,0.02003,20.029999999999998
A100,Llama-3.3-70B,True,"void pytorch_flash::flash_fwd_kernel<Flash_fwd_kernel_traits<128, 128, 64, 4, 0, 0, cutlass::bfloat16_t, Flash_kernel_traits<128, 128, 64, 4, cutlass::bfloat16_t>>, 0, 1, 0, 0, 1, 1, 0, 0>(pytorch_flash::Flash_fwd_params)",1.0,128.0,64.0,128.0,8.0,bf16,0.02022,20.22
A100,Llama-3.3-70B,True,"void pytorch_flash::flash_fwd_kernel<Flash_fwd_kernel_traits<128, 128, 64, 4, 0, 0, cutlass::bfloat16_t, Flash_kernel_traits<128, 128, 64, 4, cutlass::bfloat16_t>>, 0, 1, 0, 0, 1, 1, 0, 0>(pytorch_flash::Flash_fwd_params)",1.0,128.0,64.0,128.0,8.0,bf16,0.02,20.0
A100,Llama-3.3-70B,True,"void pytorch_flash::flash_fwd_kernel<Flash_fwd_kernel_traits<128, 128, 64, 4, 0, 0, cutlass::bfloat16_t, Flash_kernel_traits<128, 128, 64, 4, cutlass::bfloat16_t>>, 0, 1, 0, 0, 1, 1, 0, 0>(pytorch_flash::Flash_fwd_params)",1.0,128.0,64.0,128.0,8.0,bf16,0.02,20.0
A100,Llama-3.3-70B,True,"void pytorch_flash::flash_fwd_kernel<Flash_fwd_kernel_traits<128, 128, 64, 4, 0, 0, cutlass::bfloat16_t, Flash_kernel_traits<128, 128, 64, 4, cutlass::bfloat16_t>>, 0, 1, 0, 0, 1, 1, 0, 0>(pytorch_flash::Flash_fwd_params)",1.0,128.0,64.0,128.0,8.0,bf16,0.02019,20.19
A100,Llama-3.3-70B,True,"void pytorch_flash::flash_fwd_kernel<Flash_fwd_kernel_traits<128, 128, 64, 4, 0, 0, cutlass::bfloat16_t, Flash_kernel_traits<128, 128, 64, 4, cutlass::bfloat16_t>>, 0, 1, 0, 0, 1, 1, 0, 0>(pytorch_flash::Flash_fwd_params)",1.0,128.0,64.0,128.0,8.0,bf16,0.02,20.0
A100,Llama-3.3-70B,True,"void pytorch_flash::flash_fwd_kernel<Flash_fwd_kernel_traits<128, 128, 64, 4, 0, 0, cutlass::bfloat16_t, Flash_kernel_traits<128, 128, 64, 4, cutlass::bfloat16_t>>, 0, 1, 0, 0, 1, 1, 0, 0>(pytorch_flash::Flash_fwd_params)",1.0,128.0,64.0,128.0,8.0,bf16,0.02,20.0
A100,Llama-3.3-70B,True,"void pytorch_flash::flash_fwd_kernel<Flash_fwd_kernel_traits<128, 128, 64, 4, 0, 0, cutlass::bfloat16_t, Flash_kernel_traits<128, 128, 64, 4, cutlass::bfloat16_t>>, 0, 1, 0, 0, 1, 1, 0, 0>(pytorch_flash::Flash_fwd_params)",1.0,128.0,64.0,128.0,8.0,bf16,0.0200599999999999,20.0599999999999
A100,Llama-3.3-70B,True,"void pytorch_flash::flash_fwd_kernel<Flash_fwd_kernel_traits<128, 128, 64, 4, 0, 0, cutlass::bfloat16_t, Flash_kernel_traits<128, 128, 64, 4, cutlass::bfloat16_t>>, 0, 1, 0, 0, 1, 1, 0, 0>(pytorch_flash::Flash_fwd_params)",1.0,128.0,64.0,128.0,8.0,bf16,0.0197399999999999,19.7399999999999
A100,Llama-3.3-70B,True,"void pytorch_flash::flash_fwd_kernel<Flash_fwd_kernel_traits<128, 128, 64, 4, 0, 0, cutlass::bfloat16_t, Flash_kernel_traits<128, 128, 64, 4, cutlass::bfloat16_t>>, 0, 1, 0, 0, 1, 1, 0, 0>(pytorch_flash::Flash_fwd_params)",1.0,128.0,64.0,128.0,8.0,bf16,0.02029,20.29
A100,Llama-3.3-70B,True,"void pytorch_flash::flash_fwd_kernel<Flash_fwd_kernel_traits<128, 128, 64, 4, 0, 0, cutlass::bfloat16_t, Flash_kernel_traits<128, 128, 64, 4, cutlass::bfloat16_t>>, 0, 1, 0, 0, 1, 1, 0, 0>(pytorch_flash::Flash_fwd_params)",1.0,128.0,64.0,128.0,8.0,bf16,0.02003,20.029999999999998
A100,Llama-3.3-70B,True,"void pytorch_flash::flash_fwd_kernel<Flash_fwd_kernel_traits<128, 128, 64, 4, 0, 0, cutlass::bfloat16_t, Flash_kernel_traits<128, 128, 64, 4, cutlass::bfloat16_t>>, 0, 1, 0, 0, 1, 1, 0, 0>(pytorch_flash::Flash_fwd_params)",1.0,128.0,64.0,128.0,8.0,bf16,0.01987,19.869999999999997
A100,Llama-3.3-70B,True,"void pytorch_flash::flash_fwd_kernel<Flash_fwd_kernel_traits<128, 128, 64, 4, 0, 0, cutlass::bfloat16_t, Flash_kernel_traits<128, 128, 64, 4, cutlass::bfloat16_t>>, 0, 1, 0, 0, 1, 1, 0, 0>(pytorch_flash::Flash_fwd_params)",1.0,128.0,64.0,128.0,8.0,bf16,0.01958,19.580000000000002
A100,Llama-3.3-70B,True,"void pytorch_flash::flash_fwd_kernel<Flash_fwd_kernel_traits<128, 128, 64, 4, 0, 0, cutlass::bfloat16_t, Flash_kernel_traits<128, 128, 64, 4, cutlass::bfloat16_t>>, 0, 1, 0, 0, 1, 1, 0, 0>(pytorch_flash::Flash_fwd_params)",1.0,128.0,64.0,128.0,8.0,bf16,0.0198999999999999,19.8999999999999
A100,Llama-3.3-70B,True,"void pytorch_flash::flash_fwd_kernel<Flash_fwd_kernel_traits<128, 128, 64, 4, 0, 0, cutlass::bfloat16_t, Flash_kernel_traits<128, 128, 64, 4, cutlass::bfloat16_t>>, 0, 1, 0, 0, 1, 1, 0, 0>(pytorch_flash::Flash_fwd_params)",1.0,128.0,64.0,128.0,8.0,bf16,0.02,20.0
A100,Llama-3.3-70B,True,"void pytorch_flash::flash_fwd_kernel<Flash_fwd_kernel_traits<128, 128, 64, 4, 0, 0, cutlass::bfloat16_t, Flash_kernel_traits<128, 128, 64, 4, cutlass::bfloat16_t>>, 0, 1, 0, 0, 1, 1, 0, 0>(pytorch_flash::Flash_fwd_params)",1.0,128.0,64.0,128.0,8.0,bf16,0.01978,19.779999999999998
A100,Llama-3.3-70B,True,"void pytorch_flash::flash_fwd_kernel<Flash_fwd_kernel_traits<128, 128, 64, 4, 0, 0, cutlass::bfloat16_t, Flash_kernel_traits<128, 128, 64, 4, cutlass::bfloat16_t>>, 0, 1, 0, 0, 1, 1, 0, 0>(pytorch_flash::Flash_fwd_params)",1.0,128.0,64.0,128.0,8.0,bf16,0.01994,19.939999999999998
A100,Llama-3.3-70B,True,"void pytorch_flash::flash_fwd_kernel<Flash_fwd_kernel_traits<128, 128, 64, 4, 0, 0, cutlass::bfloat16_t, Flash_kernel_traits<128, 128, 64, 4, cutlass::bfloat16_t>>, 0, 1, 0, 0, 1, 1, 0, 0>(pytorch_flash::Flash_fwd_params)",1.0,128.0,64.0,128.0,8.0,bf16,0.0199699999999999,19.9699999999999
A100,Llama-3.3-70B,True,"void pytorch_flash::flash_fwd_kernel<Flash_fwd_kernel_traits<128, 128, 64, 4, 0, 0, cutlass::bfloat16_t, Flash_kernel_traits<128, 128, 64, 4, cutlass::bfloat16_t>>, 0, 1, 0, 0, 1, 1, 0, 0>(pytorch_flash::Flash_fwd_params)",1.0,128.0,64.0,128.0,8.0,bf16,0.01984,19.84
A100,Llama-3.3-70B,True,"void pytorch_flash::flash_fwd_kernel<Flash_fwd_kernel_traits<128, 128, 64, 4, 0, 0, cutlass::bfloat16_t, Flash_kernel_traits<128, 128, 64, 4, cutlass::bfloat16_t>>, 0, 1, 0, 0, 1, 1, 0, 0>(pytorch_flash::Flash_fwd_params)",1.0,128.0,64.0,128.0,8.0,bf16,0.01987,19.869999999999997
A100,Llama-3.3-70B,True,"void pytorch_flash::flash_fwd_kernel<Flash_fwd_kernel_traits<128, 128, 64, 4, 0, 0, cutlass::bfloat16_t, Flash_kernel_traits<128, 128, 64, 4, cutlass::bfloat16_t>>, 0, 1, 0, 0, 1, 1, 0, 0>(pytorch_flash::Flash_fwd_params)",1.0,128.0,64.0,128.0,8.0,bf16,0.01994,19.939999999999998
A100,Llama-3.3-70B,True,"void pytorch_flash::flash_fwd_kernel<Flash_fwd_kernel_traits<128, 128, 64, 4, 0, 0, cutlass::bfloat16_t, Flash_kernel_traits<128, 128, 64, 4, cutlass::bfloat16_t>>, 0, 1, 0, 0, 1, 1, 0, 0>(pytorch_flash::Flash_fwd_params)",1.0,128.0,64.0,128.0,8.0,bf16,0.0198999999999999,19.8999999999999
A100,Llama-3.3-70B,True,"void pytorch_flash::flash_fwd_kernel<Flash_fwd_kernel_traits<128, 128, 64, 4, 0, 0, cutlass::bfloat16_t, Flash_kernel_traits<128, 128, 64, 4, cutlass::bfloat16_t>>, 0, 1, 0, 0, 1, 1, 0, 0>(pytorch_flash::Flash_fwd_params)",1.0,128.0,64.0,128.0,8.0,bf16,0.01968,19.68
A100,Llama-3.3-70B,True,"void pytorch_flash::flash_fwd_kernel<Flash_fwd_kernel_traits<128, 128, 64, 4, 0, 0, cutlass::bfloat16_t, Flash_kernel_traits<128, 128, 64, 4, cutlass::bfloat16_t>>, 0, 1, 0, 0, 1, 1, 0, 0>(pytorch_flash::Flash_fwd_params)",1.0,128.0,64.0,128.0,8.0,bf16,0.01994,19.939999999999998
A100,Llama-3.3-70B,True,"void pytorch_flash::flash_fwd_kernel<Flash_fwd_kernel_traits<128, 128, 64, 4, 0, 0, cutlass::bfloat16_t, Flash_kernel_traits<128, 128, 64, 4, cutlass::bfloat16_t>>, 0, 1, 0, 0, 1, 1, 0, 0>(pytorch_flash::Flash_fwd_params)",1.0,128.0,64.0,128.0,8.0,bf16,0.01978,19.779999999999998
A100,Llama-3.3-70B,True,"void pytorch_flash::flash_fwd_kernel<Flash_fwd_kernel_traits<128, 128, 64, 4, 0, 0, cutlass::bfloat16_t, Flash_kernel_traits<128, 128, 64, 4, cutlass::bfloat16_t>>, 0, 1, 0, 0, 1, 1, 0, 0>(pytorch_flash::Flash_fwd_params)",1.0,128.0,64.0,128.0,8.0,bf16,0.0199699999999999,19.9699999999999
A100,Llama-3.3-70B,True,"void pytorch_flash::flash_fwd_kernel<Flash_fwd_kernel_traits<128, 128, 64, 4, 0, 0, cutlass::bfloat16_t, Flash_kernel_traits<128, 128, 64, 4, cutlass::bfloat16_t>>, 0, 1, 0, 0, 1, 1, 0, 0>(pytorch_flash::Flash_fwd_params)",1.0,128.0,64.0,128.0,8.0,bf16,0.02029,20.29
A100,Llama-3.3-70B,True,"void pytorch_flash::flash_fwd_kernel<Flash_fwd_kernel_traits<128, 128, 64, 4, 0, 0, cutlass::bfloat16_t, Flash_kernel_traits<128, 128, 64, 4, cutlass::bfloat16_t>>, 0, 1, 0, 0, 1, 1, 0, 0>(pytorch_flash::Flash_fwd_params)",1.0,128.0,64.0,128.0,8.0,bf16,0.01987,19.869999999999997
A100,Llama-3.3-70B,True,"void pytorch_flash::flash_fwd_kernel<Flash_fwd_kernel_traits<128, 128, 64, 4, 0, 0, cutlass::bfloat16_t, Flash_kernel_traits<128, 128, 64, 4, cutlass::bfloat16_t>>, 0, 1, 0, 0, 1, 1, 0, 0>(pytorch_flash::Flash_fwd_params)",1.0,128.0,64.0,128.0,8.0,bf16,0.02003,20.029999999999998
A100,Llama-3.3-70B,True,"void pytorch_flash::flash_fwd_kernel<Flash_fwd_kernel_traits<128, 128, 64, 4, 0, 0, cutlass::bfloat16_t, Flash_kernel_traits<128, 128, 64, 4, cutlass::bfloat16_t>>, 0, 1, 0, 0, 1, 1, 0, 0>(pytorch_flash::Flash_fwd_params)",1.0,128.0,64.0,128.0,8.0,bf16,0.0198999999999999,19.8999999999999
A100,Llama-3.3-70B,True,"void pytorch_flash::flash_fwd_kernel<Flash_fwd_kernel_traits<128, 128, 64, 4, 0, 0, cutlass::bfloat16_t, Flash_kernel_traits<128, 128, 64, 4, cutlass::bfloat16_t>>, 0, 1, 0, 0, 1, 1, 0, 0>(pytorch_flash::Flash_fwd_params)",1.0,128.0,64.0,128.0,8.0,bf16,0.0200599999999999,20.0599999999999
A100,Llama-3.3-70B,True,"void pytorch_flash::flash_fwd_kernel<Flash_fwd_kernel_traits<128, 128, 64, 4, 0, 0, cutlass::bfloat16_t, Flash_kernel_traits<128, 128, 64, 4, cutlass::bfloat16_t>>, 0, 1, 0, 0, 1, 1, 0, 0>(pytorch_flash::Flash_fwd_params)",1.0,128.0,64.0,128.0,8.0,bf16,0.01984,19.84
A100,Llama-3.3-70B,True,"void pytorch_flash::flash_fwd_kernel<Flash_fwd_kernel_traits<128, 128, 64, 4, 0, 0, cutlass::bfloat16_t, Flash_kernel_traits<128, 128, 64, 4, cutlass::bfloat16_t>>, 0, 1, 0, 0, 1, 1, 0, 0>(pytorch_flash::Flash_fwd_params)",1.0,128.0,64.0,128.0,8.0,bf16,0.0198099999999999,19.8099999999999
A100,Llama-3.3-70B,True,"void pytorch_flash::flash_fwd_kernel<Flash_fwd_kernel_traits<128, 128, 64, 4, 0, 0, cutlass::bfloat16_t, Flash_kernel_traits<128, 128, 64, 4, cutlass::bfloat16_t>>, 0, 1, 0, 0, 1, 1, 0, 0>(pytorch_flash::Flash_fwd_params)",1.0,128.0,64.0,128.0,8.0,bf16,0.01958,19.580000000000002
A100,Llama-3.3-70B,True,"void pytorch_flash::flash_fwd_kernel<Flash_fwd_kernel_traits<128, 128, 64, 4, 0, 0, cutlass::bfloat16_t, Flash_kernel_traits<128, 128, 64, 4, cutlass::bfloat16_t>>, 0, 1, 0, 0, 1, 1, 0, 0>(pytorch_flash::Flash_fwd_params)",1.0,128.0,64.0,128.0,8.0,bf16,0.0198099999999999,19.8099999999999
A100,Llama-3.3-70B,True,"void pytorch_flash::flash_fwd_kernel<Flash_fwd_kernel_traits<128, 128, 64, 4, 0, 0, cutlass::bfloat16_t, Flash_kernel_traits<128, 128, 64, 4, cutlass::bfloat16_t>>, 0, 1, 0, 0, 1, 1, 0, 0>(pytorch_flash::Flash_fwd_params)",1.0,128.0,64.0,128.0,8.0,bf16,0.01958,19.580000000000002
A100,Llama-3.3-70B,True,"void pytorch_flash::flash_fwd_kernel<Flash_fwd_kernel_traits<128, 128, 64, 4, 0, 0, cutlass::bfloat16_t, Flash_kernel_traits<128, 128, 64, 4, cutlass::bfloat16_t>>, 0, 1, 0, 0, 1, 1, 0, 0>(pytorch_flash::Flash_fwd_params)",1.0,128.0,64.0,128.0,8.0,bf16,0.01952,19.52
A100,Llama-3.3-70B,True,"void pytorch_flash::flash_fwd_kernel<Flash_fwd_kernel_traits<128, 128, 64, 4, 0, 0, cutlass::bfloat16_t, Flash_kernel_traits<128, 128, 64, 4, cutlass::bfloat16_t>>, 0, 1, 0, 0, 1, 1, 0, 0>(pytorch_flash::Flash_fwd_params)",1.0,128.0,64.0,128.0,8.0,bf16,0.01978,19.779999999999998
A100,Llama-3.3-70B,True,"void pytorch_flash::flash_fwd_kernel<Flash_fwd_kernel_traits<128, 128, 64, 4, 0, 0, cutlass::bfloat16_t, Flash_kernel_traits<128, 128, 64, 4, cutlass::bfloat16_t>>, 0, 1, 0, 0, 1, 1, 0, 0>(pytorch_flash::Flash_fwd_params)",1.0,128.0,64.0,128.0,8.0,bf16,0.01987,19.869999999999997
A100,Llama-3.3-70B,True,"void pytorch_flash::flash_fwd_kernel<Flash_fwd_kernel_traits<128, 128, 64, 4, 0, 0, cutlass::bfloat16_t, Flash_kernel_traits<128, 128, 64, 4, cutlass::bfloat16_t>>, 0, 1, 0, 0, 1, 1, 0, 0>(pytorch_flash::Flash_fwd_params)",1.0,128.0,64.0,128.0,8.0,bf16,0.01987,19.869999999999997
A100,Llama-3.3-70B,True,"void pytorch_flash::flash_fwd_kernel<Flash_fwd_kernel_traits<128, 128, 64, 4, 0, 0, cutlass::bfloat16_t, Flash_kernel_traits<128, 128, 64, 4, cutlass::bfloat16_t>>, 0, 1, 0, 0, 1, 1, 0, 0>(pytorch_flash::Flash_fwd_params)",1.0,128.0,64.0,128.0,8.0,bf16,0.0199699999999999,19.9699999999999
A100,Llama-3.3-70B,True,"void pytorch_flash::flash_fwd_kernel<Flash_fwd_kernel_traits<128, 128, 64, 4, 0, 0, cutlass::bfloat16_t, Flash_kernel_traits<128, 128, 64, 4, cutlass::bfloat16_t>>, 0, 1, 0, 0, 1, 1, 0, 0>(pytorch_flash::Flash_fwd_params)",1.0,128.0,64.0,128.0,8.0,bf16,0.01968,19.68
A100,Llama-3.3-70B,True,"void pytorch_flash::flash_fwd_kernel<Flash_fwd_kernel_traits<128, 128, 64, 4, 0, 0, cutlass::bfloat16_t, Flash_kernel_traits<128, 128, 64, 4, cutlass::bfloat16_t>>, 0, 1, 0, 0, 1, 1, 0, 0>(pytorch_flash::Flash_fwd_params)",1.0,128.0,64.0,128.0,8.0,bf16,0.02016,20.16
A100,Llama-3.3-70B,True,"void pytorch_flash::flash_fwd_kernel<Flash_fwd_kernel_traits<128, 128, 64, 4, 0, 0, cutlass::bfloat16_t, Flash_kernel_traits<128, 128, 64, 4, cutlass::bfloat16_t>>, 0, 1, 0, 0, 1, 1, 0, 0>(pytorch_flash::Flash_fwd_params)",1.0,128.0,64.0,128.0,8.0,bf16,0.0200599999999999,20.0599999999999
A100,Llama-3.3-70B,True,"void pytorch_flash::flash_fwd_kernel<Flash_fwd_kernel_traits<128, 128, 64, 4, 0, 0, cutlass::bfloat16_t, Flash_kernel_traits<128, 128, 64, 4, cutlass::bfloat16_t>>, 0, 1, 0, 0, 1, 1, 0, 0>(pytorch_flash::Flash_fwd_params)",1.0,128.0,64.0,128.0,8.0,bf16,0.01994,19.939999999999998
A100,Llama-3.3-70B,True,"void pytorch_flash::flash_fwd_kernel<Flash_fwd_kernel_traits<128, 128, 64, 4, 0, 0, cutlass::bfloat16_t, Flash_kernel_traits<128, 128, 64, 4, cutlass::bfloat16_t>>, 0, 1, 0, 0, 1, 1, 0, 0>(pytorch_flash::Flash_fwd_params)",1.0,128.0,64.0,128.0,8.0,bf16,0.02016,20.16
A100,Llama-3.3-70B,True,"void pytorch_flash::flash_fwd_kernel<Flash_fwd_kernel_traits<128, 128, 64, 4, 0, 0, cutlass::bfloat16_t, Flash_kernel_traits<128, 128, 64, 4, cutlass::bfloat16_t>>, 0, 1, 0, 0, 1, 1, 0, 0>(pytorch_flash::Flash_fwd_params)",1.0,128.0,64.0,128.0,8.0,bf16,0.0198099999999999,19.8099999999999
A100,Llama-3.3-70B,True,"void pytorch_flash::flash_fwd_kernel<Flash_fwd_kernel_traits<128, 128, 64, 4, 0, 0, cutlass::bfloat16_t, Flash_kernel_traits<128, 128, 64, 4, cutlass::bfloat16_t>>, 0, 1, 0, 0, 1, 1, 0, 0>(pytorch_flash::Flash_fwd_params)",1.0,128.0,64.0,128.0,8.0,bf16,0.01968,19.68
A100,Llama-3.3-70B,True,"void pytorch_flash::flash_fwd_kernel<Flash_fwd_kernel_traits<128, 128, 64, 4, 0, 0, cutlass::bfloat16_t, Flash_kernel_traits<128, 128, 64, 4, cutlass::bfloat16_t>>, 0, 1, 0, 0, 1, 1, 0, 0>(pytorch_flash::Flash_fwd_params)",1.0,128.0,64.0,128.0,8.0,bf16,0.0199699999999999,19.9699999999999
A100,Llama-3.3-70B,True,"void pytorch_flash::flash_fwd_kernel<Flash_fwd_kernel_traits<128, 128, 64, 4, 0, 0, cutlass::bfloat16_t, Flash_kernel_traits<128, 128, 64, 4, cutlass::bfloat16_t>>, 0, 1, 0, 0, 1, 1, 0, 0>(pytorch_flash::Flash_fwd_params)",1.0,128.0,64.0,128.0,8.0,bf16,0.01971,19.709999999999997
A100,Llama-3.3-70B,True,"void pytorch_flash::flash_fwd_kernel<Flash_fwd_kernel_traits<128, 128, 64, 4, 0, 0, cutlass::bfloat16_t, Flash_kernel_traits<128, 128, 64, 4, cutlass::bfloat16_t>>, 0, 1, 0, 0, 1, 1, 0, 0>(pytorch_flash::Flash_fwd_params)",1.0,128.0,64.0,128.0,8.0,bf16,0.0199699999999999,19.9699999999999
A100,Llama-3.3-70B,True,"void pytorch_flash::flash_fwd_kernel<Flash_fwd_kernel_traits<128, 128, 64, 4, 0, 0, cutlass::bfloat16_t, Flash_kernel_traits<128, 128, 64, 4, cutlass::bfloat16_t>>, 0, 1, 0, 0, 1, 1, 0, 0>(pytorch_flash::Flash_fwd_params)",1.0,128.0,64.0,128.0,8.0,bf16,0.0197399999999999,19.7399999999999
A100,Llama-3.3-70B,True,"void pytorch_flash::flash_fwd_kernel<Flash_fwd_kernel_traits<128, 128, 64, 4, 0, 0, cutlass::bfloat16_t, Flash_kernel_traits<128, 128, 64, 4, cutlass::bfloat16_t>>, 0, 1, 0, 0, 1, 1, 0, 0>(pytorch_flash::Flash_fwd_params)",1.0,128.0,64.0,128.0,8.0,bf16,0.01987,19.869999999999997
A100,Llama-3.3-70B,True,"void pytorch_flash::flash_fwd_kernel<Flash_fwd_kernel_traits<128, 128, 64, 4, 0, 0, cutlass::bfloat16_t, Flash_kernel_traits<128, 128, 64, 4, cutlass::bfloat16_t>>, 0, 1, 0, 0, 1, 1, 0, 0>(pytorch_flash::Flash_fwd_params)",1.0,128.0,64.0,128.0,8.0,bf16,0.02022,20.22
A100,Llama-3.3-70B,True,"void pytorch_flash::flash_fwd_kernel<Flash_fwd_kernel_traits<128, 128, 64, 4, 0, 0, cutlass::bfloat16_t, Flash_kernel_traits<128, 128, 64, 4, cutlass::bfloat16_t>>, 0, 1, 0, 0, 1, 1, 0, 0>(pytorch_flash::Flash_fwd_params)",1.0,128.0,64.0,128.0,8.0,bf16,0.01971,19.709999999999997
A100,Llama-3.3-70B,True,"void pytorch_flash::flash_fwd_kernel<Flash_fwd_kernel_traits<128, 128, 64, 4, 0, 0, cutlass::bfloat16_t, Flash_kernel_traits<128, 128, 64, 4, cutlass::bfloat16_t>>, 0, 1, 0, 0, 1, 1, 0, 0>(pytorch_flash::Flash_fwd_params)",1.0,128.0,64.0,128.0,8.0,bf16,0.02013,20.13
A100,Llama-3.3-70B,True,"void pytorch_flash::flash_fwd_kernel<Flash_fwd_kernel_traits<128, 128, 64, 4, 0, 0, cutlass::bfloat16_t, Flash_kernel_traits<128, 128, 64, 4, cutlass::bfloat16_t>>, 0, 1, 0, 0, 1, 1, 0, 0>(pytorch_flash::Flash_fwd_params)",1.0,128.0,64.0,128.0,8.0,bf16,0.01978,19.779999999999998
A100,Llama-3.3-70B,True,"void pytorch_flash::flash_fwd_kernel<Flash_fwd_kernel_traits<128, 128, 64, 4, 0, 0, cutlass::bfloat16_t, Flash_kernel_traits<128, 128, 64, 4, cutlass::bfloat16_t>>, 0, 1, 0, 0, 1, 1, 0, 0>(pytorch_flash::Flash_fwd_params)",1.0,128.0,64.0,128.0,8.0,bf16,0.02003,20.029999999999998
A100,Llama-3.3-70B,True,"void pytorch_flash::flash_fwd_kernel<Flash_fwd_kernel_traits<128, 128, 64, 4, 0, 0, cutlass::bfloat16_t, Flash_kernel_traits<128, 128, 64, 4, cutlass::bfloat16_t>>, 0, 1, 0, 0, 1, 1, 0, 0>(pytorch_flash::Flash_fwd_params)",1.0,128.0,64.0,128.0,8.0,bf16,0.02022,20.22
A100,Llama-3.3-70B,True,"void pytorch_flash::flash_fwd_kernel<Flash_fwd_kernel_traits<128, 128, 64, 4, 0, 0, cutlass::bfloat16_t, Flash_kernel_traits<128, 128, 64, 4, cutlass::bfloat16_t>>, 0, 1, 0, 0, 1, 1, 0, 0>(pytorch_flash::Flash_fwd_params)",1.0,128.0,64.0,128.0,8.0,bf16,0.01984,19.84
A100,Llama-3.3-70B,True,"void pytorch_flash::flash_fwd_kernel<Flash_fwd_kernel_traits<128, 128, 64, 4, 0, 0, cutlass::bfloat16_t, Flash_kernel_traits<128, 128, 64, 4, cutlass::bfloat16_t>>, 0, 1, 0, 0, 1, 1, 0, 0>(pytorch_flash::Flash_fwd_params)",1.0,128.0,64.0,128.0,8.0,bf16,0.02013,20.13
A100,Llama-3.3-70B,True,"void pytorch_flash::flash_fwd_kernel<Flash_fwd_kernel_traits<128, 128, 64, 4, 0, 0, cutlass::bfloat16_t, Flash_kernel_traits<128, 128, 64, 4, cutlass::bfloat16_t>>, 0, 1, 0, 0, 1, 1, 0, 0>(pytorch_flash::Flash_fwd_params)",1.0,128.0,64.0,128.0,8.0,bf16,0.0198999999999999,19.8999999999999
A100,Llama-3.3-70B,True,"void pytorch_flash::flash_fwd_kernel<Flash_fwd_kernel_traits<128, 128, 64, 4, 0, 0, cutlass::bfloat16_t, Flash_kernel_traits<128, 128, 64, 4, cutlass::bfloat16_t>>, 0, 1, 0, 0, 1, 1, 0, 0>(pytorch_flash::Flash_fwd_params)",1.0,128.0,64.0,128.0,8.0,bf16,0.02026,20.26
A100,Llama-3.3-70B,True,"void pytorch_flash::flash_fwd_kernel<Flash_fwd_kernel_traits<128, 128, 64, 4, 0, 0, cutlass::bfloat16_t, Flash_kernel_traits<128, 128, 64, 4, cutlass::bfloat16_t>>, 0, 1, 0, 0, 1, 1, 0, 0>(pytorch_flash::Flash_fwd_params)",1.0,128.0,64.0,128.0,8.0,bf16,0.01984,19.84
A100,Llama-3.3-70B,True,"void pytorch_flash::flash_fwd_kernel<Flash_fwd_kernel_traits<128, 128, 64, 4, 0, 0, cutlass::bfloat16_t, Flash_kernel_traits<128, 128, 64, 4, cutlass::bfloat16_t>>, 0, 1, 0, 0, 1, 1, 0, 0>(pytorch_flash::Flash_fwd_params)",1.0,128.0,64.0,128.0,8.0,bf16,0.01994,19.939999999999998
A100,Llama-3.3-70B,True,"void pytorch_flash::flash_fwd_kernel<Flash_fwd_kernel_traits<128, 128, 64, 4, 0, 0, cutlass::bfloat16_t, Flash_kernel_traits<128, 128, 64, 4, cutlass::bfloat16_t>>, 0, 1, 0, 0, 1, 1, 0, 0>(pytorch_flash::Flash_fwd_params)",1.0,128.0,64.0,128.0,8.0,bf16,0.01971,19.709999999999997
A100,Llama-3.3-70B,True,"void pytorch_flash::flash_fwd_kernel<Flash_fwd_kernel_traits<128, 128, 64, 4, 0, 0, cutlass::bfloat16_t, Flash_kernel_traits<128, 128, 64, 4, cutlass::bfloat16_t>>, 0, 1, 0, 0, 1, 1, 0, 0>(pytorch_flash::Flash_fwd_params)",1.0,128.0,64.0,128.0,8.0,bf16,0.01994,19.939999999999998
A100,Llama-3.3-70B,True,"void pytorch_flash::flash_fwd_kernel<Flash_fwd_kernel_traits<128, 128, 64, 4, 0, 0, cutlass::bfloat16_t, Flash_kernel_traits<128, 128, 64, 4, cutlass::bfloat16_t>>, 0, 1, 0, 0, 1, 1, 0, 0>(pytorch_flash::Flash_fwd_params)",1.0,128.0,64.0,128.0,8.0,bf16,0.02016,20.16
A100,Llama-3.3-70B,True,"void pytorch_flash::flash_fwd_kernel<Flash_fwd_kernel_traits<128, 128, 64, 4, 0, 0, cutlass::bfloat16_t, Flash_kernel_traits<128, 128, 64, 4, cutlass::bfloat16_t>>, 0, 1, 0, 0, 1, 1, 0, 0>(pytorch_flash::Flash_fwd_params)",1.0,128.0,64.0,128.0,8.0,bf16,0.0198999999999999,19.8999999999999
A100,Llama-3.3-70B,True,"void pytorch_flash::flash_fwd_kernel<Flash_fwd_kernel_traits<128, 128, 64, 4, 0, 0, cutlass::bfloat16_t, Flash_kernel_traits<128, 128, 64, 4, cutlass::bfloat16_t>>, 0, 1, 0, 0, 1, 1, 0, 0>(pytorch_flash::Flash_fwd_params)",1.0,128.0,64.0,128.0,8.0,bf16,0.0198099999999999,19.8099999999999
A100,Llama-3.3-70B,True,"void pytorch_flash::flash_fwd_kernel<Flash_fwd_kernel_traits<128, 128, 64, 4, 0, 0, cutlass::bfloat16_t, Flash_kernel_traits<128, 128, 64, 4, cutlass::bfloat16_t>>, 0, 1, 0, 0, 1, 1, 0, 0>(pytorch_flash::Flash_fwd_params)",1.0,128.0,64.0,128.0,8.0,bf16,0.02003,20.029999999999998
A100,Llama-3.3-70B,True,"void pytorch_flash::flash_fwd_kernel<Flash_fwd_kernel_traits<128, 128, 64, 4, 0, 0, cutlass::bfloat16_t, Flash_kernel_traits<128, 128, 64, 4, cutlass::bfloat16_t>>, 0, 1, 0, 0, 1, 1, 0, 0>(pytorch_flash::Flash_fwd_params)",1.0,128.0,64.0,128.0,8.0,bf16,0.01971,19.709999999999997
A100,Llama-3.3-70B,True,"void pytorch_flash::flash_fwd_kernel<Flash_fwd_kernel_traits<128, 128, 64, 4, 0, 0, cutlass::bfloat16_t, Flash_kernel_traits<128, 128, 64, 4, cutlass::bfloat16_t>>, 0, 1, 0, 0, 1, 1, 0, 0>(pytorch_flash::Flash_fwd_params)",1.0,128.0,64.0,128.0,8.0,bf16,0.01978,19.779999999999998
A100,Llama-3.3-70B,True,"void pytorch_flash::flash_fwd_kernel<Flash_fwd_kernel_traits<128, 128, 64, 4, 0, 0, cutlass::bfloat16_t, Flash_kernel_traits<128, 128, 64, 4, cutlass::bfloat16_t>>, 0, 1, 0, 0, 1, 1, 0, 0>(pytorch_flash::Flash_fwd_params)",1.0,128.0,64.0,128.0,8.0,bf16,0.02,20.0
A100,Llama-3.3-70B,True,"void pytorch_flash::flash_fwd_kernel<Flash_fwd_kernel_traits<128, 128, 64, 4, 0, 0, cutlass::bfloat16_t, Flash_kernel_traits<128, 128, 64, 4, cutlass::bfloat16_t>>, 0, 1, 0, 0, 1, 1, 0, 0>(pytorch_flash::Flash_fwd_params)",1.0,128.0,64.0,128.0,8.0,bf16,0.02022,20.22
A100,Llama-3.3-70B,True,"void pytorch_flash::flash_fwd_kernel<Flash_fwd_kernel_traits<128, 128, 64, 4, 0, 0, cutlass::bfloat16_t, Flash_kernel_traits<128, 128, 64, 4, cutlass::bfloat16_t>>, 0, 1, 0, 0, 1, 1, 0, 0>(pytorch_flash::Flash_fwd_params)",1.0,128.0,64.0,128.0,8.0,bf16,0.02022,20.22
A100,Llama-3.3-70B,True,"void pytorch_flash::flash_fwd_kernel<Flash_fwd_kernel_traits<128, 128, 64, 4, 0, 0, cutlass::bfloat16_t, Flash_kernel_traits<128, 128, 64, 4, cutlass::bfloat16_t>>, 0, 1, 0, 0, 1, 1, 0, 0>(pytorch_flash::Flash_fwd_params)",1.0,128.0,64.0,128.0,8.0,bf16,0.02045,20.45
A100,Llama-3.3-70B,True,"void pytorch_flash::flash_fwd_kernel<Flash_fwd_kernel_traits<128, 128, 64, 4, 0, 0, cutlass::bfloat16_t, Flash_kernel_traits<128, 128, 64, 4, cutlass::bfloat16_t>>, 0, 1, 0, 0, 1, 1, 0, 0>(pytorch_flash::Flash_fwd_params)",1.0,128.0,64.0,128.0,8.0,bf16,0.02029,20.29
A100,Mixtral-8x7B,False,"void pytorch_flash::flash_fwd_kernel<Flash_fwd_kernel_traits<128, 128, 64, 4, 0, 0, cutlass::bfloat16_t, Flash_kernel_traits<128, 128, 64, 4, cutlass::bfloat16_t>>, 0, 1, 0, 0, 1, 1, 0, 0>(pytorch_flash::Flash_fwd_params)",1.0,128.0,32.0,128.0,8.0,bf16,0.01939,19.39
A100,Mixtral-8x7B,False,"void pytorch_flash::flash_fwd_kernel<Flash_fwd_kernel_traits<128, 128, 64, 4, 0, 0, cutlass::bfloat16_t, Flash_kernel_traits<128, 128, 64, 4, cutlass::bfloat16_t>>, 0, 1, 0, 0, 1, 1, 0, 0>(pytorch_flash::Flash_fwd_params)",1.0,128.0,32.0,128.0,8.0,bf16,0.0192,19.2
A100,Mixtral-8x7B,False,"void pytorch_flash::flash_fwd_kernel<Flash_fwd_kernel_traits<128, 128, 64, 4, 0, 0, cutlass::bfloat16_t, Flash_kernel_traits<128, 128, 64, 4, cutlass::bfloat16_t>>, 0, 1, 0, 0, 1, 1, 0, 0>(pytorch_flash::Flash_fwd_params)",1.0,128.0,32.0,128.0,8.0,bf16,0.01882,18.82
A100,Mixtral-8x7B,False,"void pytorch_flash::flash_fwd_kernel<Flash_fwd_kernel_traits<128, 128, 64, 4, 0, 0, cutlass::bfloat16_t, Flash_kernel_traits<128, 128, 64, 4, cutlass::bfloat16_t>>, 0, 1, 0, 0, 1, 1, 0, 0>(pytorch_flash::Flash_fwd_params)",1.0,128.0,32.0,128.0,8.0,bf16,0.01866,18.66
A100,Mixtral-8x7B,False,"void pytorch_flash::flash_fwd_kernel<Flash_fwd_kernel_traits<128, 128, 64, 4, 0, 0, cutlass::bfloat16_t, Flash_kernel_traits<128, 128, 64, 4, cutlass::bfloat16_t>>, 0, 1, 0, 0, 1, 1, 0, 0>(pytorch_flash::Flash_fwd_params)",1.0,128.0,32.0,128.0,8.0,bf16,0.01984,19.84
A100,Mixtral-8x7B,False,"void pytorch_flash::flash_fwd_kernel<Flash_fwd_kernel_traits<128, 128, 64, 4, 0, 0, cutlass::bfloat16_t, Flash_kernel_traits<128, 128, 64, 4, cutlass::bfloat16_t>>, 0, 1, 0, 0, 1, 1, 0, 0>(pytorch_flash::Flash_fwd_params)",1.0,128.0,32.0,128.0,8.0,bf16,0.01933,19.33
A100,Mixtral-8x7B,False,"void pytorch_flash::flash_fwd_kernel<Flash_fwd_kernel_traits<128, 128, 64, 4, 0, 0, cutlass::bfloat16_t, Flash_kernel_traits<128, 128, 64, 4, cutlass::bfloat16_t>>, 0, 1, 0, 0, 1, 1, 0, 0>(pytorch_flash::Flash_fwd_params)",1.0,128.0,32.0,128.0,8.0,bf16,0.01962,19.619999999999997
A100,Mixtral-8x7B,False,"void pytorch_flash::flash_fwd_kernel<Flash_fwd_kernel_traits<128, 128, 64, 4, 0, 0, cutlass::bfloat16_t, Flash_kernel_traits<128, 128, 64, 4, cutlass::bfloat16_t>>, 0, 1, 0, 0, 1, 1, 0, 0>(pytorch_flash::Flash_fwd_params)",1.0,128.0,32.0,128.0,8.0,bf16,0.01955,19.55
A100,Mixtral-8x7B,False,"void pytorch_flash::flash_fwd_kernel<Flash_fwd_kernel_traits<128, 128, 64, 4, 0, 0, cutlass::bfloat16_t, Flash_kernel_traits<128, 128, 64, 4, cutlass::bfloat16_t>>, 0, 1, 0, 0, 1, 1, 0, 0>(pytorch_flash::Flash_fwd_params)",1.0,128.0,32.0,128.0,8.0,bf16,0.0192,19.2
A100,Mixtral-8x7B,False,"void pytorch_flash::flash_fwd_kernel<Flash_fwd_kernel_traits<128, 128, 64, 4, 0, 0, cutlass::bfloat16_t, Flash_kernel_traits<128, 128, 64, 4, cutlass::bfloat16_t>>, 0, 1, 0, 0, 1, 1, 0, 0>(pytorch_flash::Flash_fwd_params)",1.0,128.0,32.0,128.0,8.0,bf16,0.01946,19.46
A100,Mixtral-8x7B,False,"void pytorch_flash::flash_fwd_kernel<Flash_fwd_kernel_traits<128, 128, 64, 4, 0, 0, cutlass::bfloat16_t, Flash_kernel_traits<128, 128, 64, 4, cutlass::bfloat16_t>>, 0, 1, 0, 0, 1, 1, 0, 0>(pytorch_flash::Flash_fwd_params)",1.0,128.0,32.0,128.0,8.0,bf16,0.01933,19.33
A100,Mixtral-8x7B,False,"void pytorch_flash::flash_fwd_kernel<Flash_fwd_kernel_traits<128, 128, 64, 4, 0, 0, cutlass::bfloat16_t, Flash_kernel_traits<128, 128, 64, 4, cutlass::bfloat16_t>>, 0, 1, 0, 0, 1, 1, 0, 0>(pytorch_flash::Flash_fwd_params)",1.0,128.0,32.0,128.0,8.0,bf16,0.01952,19.52
A100,Mixtral-8x7B,False,"void pytorch_flash::flash_fwd_kernel<Flash_fwd_kernel_traits<128, 128, 64, 4, 0, 0, cutlass::bfloat16_t, Flash_kernel_traits<128, 128, 64, 4, cutlass::bfloat16_t>>, 0, 1, 0, 0, 1, 1, 0, 0>(pytorch_flash::Flash_fwd_params)",1.0,128.0,32.0,128.0,8.0,bf16,0.01917,19.169999999999998
A100,Mixtral-8x7B,False,"void pytorch_flash::flash_fwd_kernel<Flash_fwd_kernel_traits<128, 128, 64, 4, 0, 0, cutlass::bfloat16_t, Flash_kernel_traits<128, 128, 64, 4, cutlass::bfloat16_t>>, 0, 1, 0, 0, 1, 1, 0, 0>(pytorch_flash::Flash_fwd_params)",1.0,128.0,32.0,128.0,8.0,bf16,0.0191,19.099999999999998
A100,Mixtral-8x7B,False,"void pytorch_flash::flash_fwd_kernel<Flash_fwd_kernel_traits<128, 128, 64, 4, 0, 0, cutlass::bfloat16_t, Flash_kernel_traits<128, 128, 64, 4, cutlass::bfloat16_t>>, 0, 1, 0, 0, 1, 1, 0, 0>(pytorch_flash::Flash_fwd_params)",1.0,128.0,32.0,128.0,8.0,bf16,0.01984,19.84
A100,Mixtral-8x7B,False,"void pytorch_flash::flash_fwd_kernel<Flash_fwd_kernel_traits<128, 128, 64, 4, 0, 0, cutlass::bfloat16_t, Flash_kernel_traits<128, 128, 64, 4, cutlass::bfloat16_t>>, 0, 1, 0, 0, 1, 1, 0, 0>(pytorch_flash::Flash_fwd_params)",1.0,128.0,32.0,128.0,8.0,bf16,0.0193,19.3
A100,Mixtral-8x7B,False,"void pytorch_flash::flash_fwd_kernel<Flash_fwd_kernel_traits<128, 128, 64, 4, 0, 0, cutlass::bfloat16_t, Flash_kernel_traits<128, 128, 64, 4, cutlass::bfloat16_t>>, 0, 1, 0, 0, 1, 1, 0, 0>(pytorch_flash::Flash_fwd_params)",1.0,128.0,32.0,128.0,8.0,bf16,0.0192,19.2
A100,Mixtral-8x7B,False,"void pytorch_flash::flash_fwd_kernel<Flash_fwd_kernel_traits<128, 128, 64, 4, 0, 0, cutlass::bfloat16_t, Flash_kernel_traits<128, 128, 64, 4, cutlass::bfloat16_t>>, 0, 1, 0, 0, 1, 1, 0, 0>(pytorch_flash::Flash_fwd_params)",1.0,128.0,32.0,128.0,8.0,bf16,0.01958,19.580000000000002
A100,Mixtral-8x7B,False,"void pytorch_flash::flash_fwd_kernel<Flash_fwd_kernel_traits<128, 128, 64, 4, 0, 0, cutlass::bfloat16_t, Flash_kernel_traits<128, 128, 64, 4, cutlass::bfloat16_t>>, 0, 1, 0, 0, 1, 1, 0, 0>(pytorch_flash::Flash_fwd_params)",1.0,128.0,32.0,128.0,8.0,bf16,0.0193,19.3
A100,Mixtral-8x7B,False,"void pytorch_flash::flash_fwd_kernel<Flash_fwd_kernel_traits<128, 128, 64, 4, 0, 0, cutlass::bfloat16_t, Flash_kernel_traits<128, 128, 64, 4, cutlass::bfloat16_t>>, 0, 1, 0, 0, 1, 1, 0, 0>(pytorch_flash::Flash_fwd_params)",1.0,128.0,32.0,128.0,8.0,bf16,0.01971,19.709999999999997
A100,Mixtral-8x7B,False,"void pytorch_flash::flash_fwd_kernel<Flash_fwd_kernel_traits<128, 128, 64, 4, 0, 0, cutlass::bfloat16_t, Flash_kernel_traits<128, 128, 64, 4, cutlass::bfloat16_t>>, 0, 1, 0, 0, 1, 1, 0, 0>(pytorch_flash::Flash_fwd_params)",1.0,128.0,32.0,128.0,8.0,bf16,0.01914,19.14
A100,Mixtral-8x7B,False,"void pytorch_flash::flash_fwd_kernel<Flash_fwd_kernel_traits<128, 128, 64, 4, 0, 0, cutlass::bfloat16_t, Flash_kernel_traits<128, 128, 64, 4, cutlass::bfloat16_t>>, 0, 1, 0, 0, 1, 1, 0, 0>(pytorch_flash::Flash_fwd_params)",1.0,128.0,32.0,128.0,8.0,bf16,0.01936,19.36
A100,Mixtral-8x7B,False,"void pytorch_flash::flash_fwd_kernel<Flash_fwd_kernel_traits<128, 128, 64, 4, 0, 0, cutlass::bfloat16_t, Flash_kernel_traits<128, 128, 64, 4, cutlass::bfloat16_t>>, 0, 1, 0, 0, 1, 1, 0, 0>(pytorch_flash::Flash_fwd_params)",1.0,128.0,32.0,128.0,8.0,bf16,0.01901,19.009999999999998
A100,Mixtral-8x7B,False,"void pytorch_flash::flash_fwd_kernel<Flash_fwd_kernel_traits<128, 128, 64, 4, 0, 0, cutlass::bfloat16_t, Flash_kernel_traits<128, 128, 64, 4, cutlass::bfloat16_t>>, 0, 1, 0, 0, 1, 1, 0, 0>(pytorch_flash::Flash_fwd_params)",1.0,128.0,32.0,128.0,8.0,bf16,0.01936,19.36
A100,Mixtral-8x7B,False,"void pytorch_flash::flash_fwd_kernel<Flash_fwd_kernel_traits<128, 128, 64, 4, 0, 0, cutlass::bfloat16_t, Flash_kernel_traits<128, 128, 64, 4, cutlass::bfloat16_t>>, 0, 1, 0, 0, 1, 1, 0, 0>(pytorch_flash::Flash_fwd_params)",1.0,128.0,32.0,128.0,8.0,bf16,0.01923,19.23
A100,Mixtral-8x7B,False,"void pytorch_flash::flash_fwd_kernel<Flash_fwd_kernel_traits<128, 128, 64, 4, 0, 0, cutlass::bfloat16_t, Flash_kernel_traits<128, 128, 64, 4, cutlass::bfloat16_t>>, 0, 1, 0, 0, 1, 1, 0, 0>(pytorch_flash::Flash_fwd_params)",1.0,128.0,32.0,128.0,8.0,bf16,0.01882,18.82
A100,Mixtral-8x7B,False,"void pytorch_flash::flash_fwd_kernel<Flash_fwd_kernel_traits<128, 128, 64, 4, 0, 0, cutlass::bfloat16_t, Flash_kernel_traits<128, 128, 64, 4, cutlass::bfloat16_t>>, 0, 1, 0, 0, 1, 1, 0, 0>(pytorch_flash::Flash_fwd_params)",1.0,128.0,32.0,128.0,8.0,bf16,0.01917,19.169999999999998
A100,Mixtral-8x7B,False,"void pytorch_flash::flash_fwd_kernel<Flash_fwd_kernel_traits<128, 128, 64, 4, 0, 0, cutlass::bfloat16_t, Flash_kernel_traits<128, 128, 64, 4, cutlass::bfloat16_t>>, 0, 1, 0, 0, 1, 1, 0, 0>(pytorch_flash::Flash_fwd_params)",1.0,128.0,32.0,128.0,8.0,bf16,0.01907,19.07
A100,Mixtral-8x7B,False,"void pytorch_flash::flash_fwd_kernel<Flash_fwd_kernel_traits<128, 128, 64, 4, 0, 0, cutlass::bfloat16_t, Flash_kernel_traits<128, 128, 64, 4, cutlass::bfloat16_t>>, 0, 1, 0, 0, 1, 1, 0, 0>(pytorch_flash::Flash_fwd_params)",1.0,128.0,32.0,128.0,8.0,bf16,0.01936,19.36
A100,Mixtral-8x7B,False,"void pytorch_flash::flash_fwd_kernel<Flash_fwd_kernel_traits<128, 128, 64, 4, 0, 0, cutlass::bfloat16_t, Flash_kernel_traits<128, 128, 64, 4, cutlass::bfloat16_t>>, 0, 1, 0, 0, 1, 1, 0, 0>(pytorch_flash::Flash_fwd_params)",1.0,128.0,32.0,128.0,8.0,bf16,0.01968,19.68
A100,Mixtral-8x7B,False,"void pytorch_flash::flash_fwd_kernel<Flash_fwd_kernel_traits<128, 128, 64, 4, 0, 0, cutlass::bfloat16_t, Flash_kernel_traits<128, 128, 64, 4, cutlass::bfloat16_t>>, 0, 1, 0, 0, 1, 1, 0, 0>(pytorch_flash::Flash_fwd_params)",1.0,128.0,32.0,128.0,8.0,bf16,0.01923,19.23
A100,Mixtral-8x7B,False,"void pytorch_flash::flash_fwd_kernel<Flash_fwd_kernel_traits<128, 128, 64, 4, 0, 0, cutlass::bfloat16_t, Flash_kernel_traits<128, 128, 64, 4, cutlass::bfloat16_t>>, 0, 1, 0, 0, 1, 1, 0, 0>(pytorch_flash::Flash_fwd_params)",1.0,128.0,32.0,128.0,8.0,bf16,0.01917,19.169999999999998
A100,Qwen-72B,True,"void pytorch_flash::flash_fwd_kernel<Flash_fwd_kernel_traits<128, 128, 64, 4, 0, 0, cutlass::bfloat16_t, Flash_kernel_traits<128, 128, 64, 4, cutlass::bfloat16_t>>, 0, 1, 0, 0, 1, 1, 0, 0>(pytorch_flash::Flash_fwd_params)",1.0,128.0,64.0,128.0,8.0,bf16,0.0196499999999999,19.6499999999999
A100,Qwen-72B,True,"void pytorch_flash::flash_fwd_kernel<Flash_fwd_kernel_traits<128, 128, 64, 4, 0, 0, cutlass::bfloat16_t, Flash_kernel_traits<128, 128, 64, 4, cutlass::bfloat16_t>>, 0, 1, 0, 0, 1, 1, 0, 0>(pytorch_flash::Flash_fwd_params)",1.0,128.0,64.0,128.0,8.0,bf16,0.01971,19.709999999999997
A100,Qwen-72B,True,"void pytorch_flash::flash_fwd_kernel<Flash_fwd_kernel_traits<128, 128, 64, 4, 0, 0, cutlass::bfloat16_t, Flash_kernel_traits<128, 128, 64, 4, cutlass::bfloat16_t>>, 0, 1, 0, 0, 1, 1, 0, 0>(pytorch_flash::Flash_fwd_params)",1.0,128.0,64.0,128.0,8.0,bf16,0.01958,19.580000000000002
A100,Qwen-72B,True,"void pytorch_flash::flash_fwd_kernel<Flash_fwd_kernel_traits<128, 128, 64, 4, 0, 0, cutlass::bfloat16_t, Flash_kernel_traits<128, 128, 64, 4, cutlass::bfloat16_t>>, 0, 1, 0, 0, 1, 1, 0, 0>(pytorch_flash::Flash_fwd_params)",1.0,128.0,64.0,128.0,8.0,bf16,0.0197399999999999,19.7399999999999
A100,Qwen-72B,True,"void pytorch_flash::flash_fwd_kernel<Flash_fwd_kernel_traits<128, 128, 64, 4, 0, 0, cutlass::bfloat16_t, Flash_kernel_traits<128, 128, 64, 4, cutlass::bfloat16_t>>, 0, 1, 0, 0, 1, 1, 0, 0>(pytorch_flash::Flash_fwd_params)",1.0,128.0,64.0,128.0,8.0,bf16,0.01968,19.68
A100,Qwen-72B,True,"void pytorch_flash::flash_fwd_kernel<Flash_fwd_kernel_traits<128, 128, 64, 4, 0, 0, cutlass::bfloat16_t, Flash_kernel_traits<128, 128, 64, 4, cutlass::bfloat16_t>>, 0, 1, 0, 0, 1, 1, 0, 0>(pytorch_flash::Flash_fwd_params)",1.0,128.0,64.0,128.0,8.0,bf16,0.01971,19.709999999999997
A100,Qwen-72B,True,"void pytorch_flash::flash_fwd_kernel<Flash_fwd_kernel_traits<128, 128, 64, 4, 0, 0, cutlass::bfloat16_t, Flash_kernel_traits<128, 128, 64, 4, cutlass::bfloat16_t>>, 0, 1, 0, 0, 1, 1, 0, 0>(pytorch_flash::Flash_fwd_params)",1.0,128.0,64.0,128.0,8.0,bf16,0.01936,19.36
A100,Qwen-72B,True,"void pytorch_flash::flash_fwd_kernel<Flash_fwd_kernel_traits<128, 128, 64, 4, 0, 0, cutlass::bfloat16_t, Flash_kernel_traits<128, 128, 64, 4, cutlass::bfloat16_t>>, 0, 1, 0, 0, 1, 1, 0, 0>(pytorch_flash::Flash_fwd_params)",1.0,128.0,64.0,128.0,8.0,bf16,0.01968,19.68
A100,Qwen-72B,True,"void pytorch_flash::flash_fwd_kernel<Flash_fwd_kernel_traits<128, 128, 64, 4, 0, 0, cutlass::bfloat16_t, Flash_kernel_traits<128, 128, 64, 4, cutlass::bfloat16_t>>, 0, 1, 0, 0, 1, 1, 0, 0>(pytorch_flash::Flash_fwd_params)",1.0,128.0,64.0,128.0,8.0,bf16,0.02019,20.19
A100,Qwen-72B,True,"void pytorch_flash::flash_fwd_kernel<Flash_fwd_kernel_traits<128, 128, 64, 4, 0, 0, cutlass::bfloat16_t, Flash_kernel_traits<128, 128, 64, 4, cutlass::bfloat16_t>>, 0, 1, 0, 0, 1, 1, 0, 0>(pytorch_flash::Flash_fwd_params)",1.0,128.0,64.0,128.0,8.0,bf16,0.02032,20.32
A100,Qwen-72B,True,"void pytorch_flash::flash_fwd_kernel<Flash_fwd_kernel_traits<128, 128, 64, 4, 0, 0, cutlass::bfloat16_t, Flash_kernel_traits<128, 128, 64, 4, cutlass::bfloat16_t>>, 0, 1, 0, 0, 1, 1, 0, 0>(pytorch_flash::Flash_fwd_params)",1.0,128.0,64.0,128.0,8.0,bf16,0.0201,20.1
A100,Qwen-72B,True,"void pytorch_flash::flash_fwd_kernel<Flash_fwd_kernel_traits<128, 128, 64, 4, 0, 0, cutlass::bfloat16_t, Flash_kernel_traits<128, 128, 64, 4, cutlass::bfloat16_t>>, 0, 1, 0, 0, 1, 1, 0, 0>(pytorch_flash::Flash_fwd_params)",1.0,128.0,64.0,128.0,8.0,bf16,0.01978,19.779999999999998
A100,Qwen-72B,True,"void pytorch_flash::flash_fwd_kernel<Flash_fwd_kernel_traits<128, 128, 64, 4, 0, 0, cutlass::bfloat16_t, Flash_kernel_traits<128, 128, 64, 4, cutlass::bfloat16_t>>, 0, 1, 0, 0, 1, 1, 0, 0>(pytorch_flash::Flash_fwd_params)",1.0,128.0,64.0,128.0,8.0,bf16,0.0200599999999999,20.0599999999999
A100,Qwen-72B,True,"void pytorch_flash::flash_fwd_kernel<Flash_fwd_kernel_traits<128, 128, 64, 4, 0, 0, cutlass::bfloat16_t, Flash_kernel_traits<128, 128, 64, 4, cutlass::bfloat16_t>>, 0, 1, 0, 0, 1, 1, 0, 0>(pytorch_flash::Flash_fwd_params)",1.0,128.0,64.0,128.0,8.0,bf16,0.0200599999999999,20.0599999999999
A100,Qwen-72B,True,"void pytorch_flash::flash_fwd_kernel<Flash_fwd_kernel_traits<128, 128, 64, 4, 0, 0, cutlass::bfloat16_t, Flash_kernel_traits<128, 128, 64, 4, cutlass::bfloat16_t>>, 0, 1, 0, 0, 1, 1, 0, 0>(pytorch_flash::Flash_fwd_params)",1.0,128.0,64.0,128.0,8.0,bf16,0.0198999999999999,19.8999999999999
A100,Qwen-72B,True,"void pytorch_flash::flash_fwd_kernel<Flash_fwd_kernel_traits<128, 128, 64, 4, 0, 0, cutlass::bfloat16_t, Flash_kernel_traits<128, 128, 64, 4, cutlass::bfloat16_t>>, 0, 1, 0, 0, 1, 1, 0, 0>(pytorch_flash::Flash_fwd_params)",1.0,128.0,64.0,128.0,8.0,bf16,0.02003,20.029999999999998
A100,Qwen-72B,True,"void pytorch_flash::flash_fwd_kernel<Flash_fwd_kernel_traits<128, 128, 64, 4, 0, 0, cutlass::bfloat16_t, Flash_kernel_traits<128, 128, 64, 4, cutlass::bfloat16_t>>, 0, 1, 0, 0, 1, 1, 0, 0>(pytorch_flash::Flash_fwd_params)",1.0,128.0,64.0,128.0,8.0,bf16,0.02022,20.22
A100,Qwen-72B,True,"void pytorch_flash::flash_fwd_kernel<Flash_fwd_kernel_traits<128, 128, 64, 4, 0, 0, cutlass::bfloat16_t, Flash_kernel_traits<128, 128, 64, 4, cutlass::bfloat16_t>>, 0, 1, 0, 0, 1, 1, 0, 0>(pytorch_flash::Flash_fwd_params)",1.0,128.0,64.0,128.0,8.0,bf16,0.0199699999999999,19.9699999999999
A100,Qwen-72B,True,"void pytorch_flash::flash_fwd_kernel<Flash_fwd_kernel_traits<128, 128, 64, 4, 0, 0, cutlass::bfloat16_t, Flash_kernel_traits<128, 128, 64, 4, cutlass::bfloat16_t>>, 0, 1, 0, 0, 1, 1, 0, 0>(pytorch_flash::Flash_fwd_params)",1.0,128.0,64.0,128.0,8.0,bf16,0.0199699999999999,19.9699999999999
A100,Qwen-72B,True,"void pytorch_flash::flash_fwd_kernel<Flash_fwd_kernel_traits<128, 128, 64, 4, 0, 0, cutlass::bfloat16_t, Flash_kernel_traits<128, 128, 64, 4, cutlass::bfloat16_t>>, 0, 1, 0, 0, 1, 1, 0, 0>(pytorch_flash::Flash_fwd_params)",1.0,128.0,64.0,128.0,8.0,bf16,0.02013,20.13
A100,Qwen-72B,True,"void pytorch_flash::flash_fwd_kernel<Flash_fwd_kernel_traits<128, 128, 64, 4, 0, 0, cutlass::bfloat16_t, Flash_kernel_traits<128, 128, 64, 4, cutlass::bfloat16_t>>, 0, 1, 0, 0, 1, 1, 0, 0>(pytorch_flash::Flash_fwd_params)",1.0,128.0,64.0,128.0,8.0,bf16,0.01984,19.84
A100,Qwen-72B,True,"void pytorch_flash::flash_fwd_kernel<Flash_fwd_kernel_traits<128, 128, 64, 4, 0, 0, cutlass::bfloat16_t, Flash_kernel_traits<128, 128, 64, 4, cutlass::bfloat16_t>>, 0, 1, 0, 0, 1, 1, 0, 0>(pytorch_flash::Flash_fwd_params)",1.0,128.0,64.0,128.0,8.0,bf16,0.0198999999999999,19.8999999999999
A100,Qwen-72B,True,"void pytorch_flash::flash_fwd_kernel<Flash_fwd_kernel_traits<128, 128, 64, 4, 0, 0, cutlass::bfloat16_t, Flash_kernel_traits<128, 128, 64, 4, cutlass::bfloat16_t>>, 0, 1, 0, 0, 1, 1, 0, 0>(pytorch_flash::Flash_fwd_params)",1.0,128.0,64.0,128.0,8.0,bf16,0.01994,19.939999999999998
A100,Qwen-72B,True,"void pytorch_flash::flash_fwd_kernel<Flash_fwd_kernel_traits<128, 128, 64, 4, 0, 0, cutlass::bfloat16_t, Flash_kernel_traits<128, 128, 64, 4, cutlass::bfloat16_t>>, 0, 1, 0, 0, 1, 1, 0, 0>(pytorch_flash::Flash_fwd_params)",1.0,128.0,64.0,128.0,8.0,bf16,0.0198099999999999,19.8099999999999
A100,Qwen-72B,True,"void pytorch_flash::flash_fwd_kernel<Flash_fwd_kernel_traits<128, 128, 64, 4, 0, 0, cutlass::bfloat16_t, Flash_kernel_traits<128, 128, 64, 4, cutlass::bfloat16_t>>, 0, 1, 0, 0, 1, 1, 0, 0>(pytorch_flash::Flash_fwd_params)",1.0,128.0,64.0,128.0,8.0,bf16,0.0197399999999999,19.7399999999999
A100,Qwen-72B,True,"void pytorch_flash::flash_fwd_kernel<Flash_fwd_kernel_traits<128, 128, 64, 4, 0, 0, cutlass::bfloat16_t, Flash_kernel_traits<128, 128, 64, 4, cutlass::bfloat16_t>>, 0, 1, 0, 0, 1, 1, 0, 0>(pytorch_flash::Flash_fwd_params)",1.0,128.0,64.0,128.0,8.0,bf16,0.0201,20.1
A100,Qwen-72B,True,"void pytorch_flash::flash_fwd_kernel<Flash_fwd_kernel_traits<128, 128, 64, 4, 0, 0, cutlass::bfloat16_t, Flash_kernel_traits<128, 128, 64, 4, cutlass::bfloat16_t>>, 0, 1, 0, 0, 1, 1, 0, 0>(pytorch_flash::Flash_fwd_params)",1.0,128.0,64.0,128.0,8.0,bf16,0.02,20.0
A100,Qwen-72B,True,"void pytorch_flash::flash_fwd_kernel<Flash_fwd_kernel_traits<128, 128, 64, 4, 0, 0, cutlass::bfloat16_t, Flash_kernel_traits<128, 128, 64, 4, cutlass::bfloat16_t>>, 0, 1, 0, 0, 1, 1, 0, 0>(pytorch_flash::Flash_fwd_params)",1.0,128.0,64.0,128.0,8.0,bf16,0.01984,19.84
A100,Qwen-72B,True,"void pytorch_flash::flash_fwd_kernel<Flash_fwd_kernel_traits<128, 128, 64, 4, 0, 0, cutlass::bfloat16_t, Flash_kernel_traits<128, 128, 64, 4, cutlass::bfloat16_t>>, 0, 1, 0, 0, 1, 1, 0, 0>(pytorch_flash::Flash_fwd_params)",1.0,128.0,64.0,128.0,8.0,bf16,0.0201,20.1
A100,Qwen-72B,True,"void pytorch_flash::flash_fwd_kernel<Flash_fwd_kernel_traits<128, 128, 64, 4, 0, 0, cutlass::bfloat16_t, Flash_kernel_traits<128, 128, 64, 4, cutlass::bfloat16_t>>, 0, 1, 0, 0, 1, 1, 0, 0>(pytorch_flash::Flash_fwd_params)",1.0,128.0,64.0,128.0,8.0,bf16,0.0199699999999999,19.9699999999999
A100,Qwen-72B,True,"void pytorch_flash::flash_fwd_kernel<Flash_fwd_kernel_traits<128, 128, 64, 4, 0, 0, cutlass::bfloat16_t, Flash_kernel_traits<128, 128, 64, 4, cutlass::bfloat16_t>>, 0, 1, 0, 0, 1, 1, 0, 0>(pytorch_flash::Flash_fwd_params)",1.0,128.0,64.0,128.0,8.0,bf16,0.02029,20.29
A100,Qwen-72B,True,"void pytorch_flash::flash_fwd_kernel<Flash_fwd_kernel_traits<128, 128, 64, 4, 0, 0, cutlass::bfloat16_t, Flash_kernel_traits<128, 128, 64, 4, cutlass::bfloat16_t>>, 0, 1, 0, 0, 1, 1, 0, 0>(pytorch_flash::Flash_fwd_params)",1.0,128.0,64.0,128.0,8.0,bf16,0.02026,20.26
A100,Qwen-72B,True,"void pytorch_flash::flash_fwd_kernel<Flash_fwd_kernel_traits<128, 128, 64, 4, 0, 0, cutlass::bfloat16_t, Flash_kernel_traits<128, 128, 64, 4, cutlass::bfloat16_t>>, 0, 1, 0, 0, 1, 1, 0, 0>(pytorch_flash::Flash_fwd_params)",1.0,128.0,64.0,128.0,8.0,bf16,0.02,20.0
A100,Qwen-72B,True,"void pytorch_flash::flash_fwd_kernel<Flash_fwd_kernel_traits<128, 128, 64, 4, 0, 0, cutlass::bfloat16_t, Flash_kernel_traits<128, 128, 64, 4, cutlass::bfloat16_t>>, 0, 1, 0, 0, 1, 1, 0, 0>(pytorch_flash::Flash_fwd_params)",1.0,128.0,64.0,128.0,8.0,bf16,0.02013,20.13
A100,Qwen-72B,True,"void pytorch_flash::flash_fwd_kernel<Flash_fwd_kernel_traits<128, 128, 64, 4, 0, 0, cutlass::bfloat16_t, Flash_kernel_traits<128, 128, 64, 4, cutlass::bfloat16_t>>, 0, 1, 0, 0, 1, 1, 0, 0>(pytorch_flash::Flash_fwd_params)",1.0,128.0,64.0,128.0,8.0,bf16,0.02019,20.19
A100,Qwen-72B,True,"void pytorch_flash::flash_fwd_kernel<Flash_fwd_kernel_traits<128, 128, 64, 4, 0, 0, cutlass::bfloat16_t, Flash_kernel_traits<128, 128, 64, 4, cutlass::bfloat16_t>>, 0, 1, 0, 0, 1, 1, 0, 0>(pytorch_flash::Flash_fwd_params)",1.0,128.0,64.0,128.0,8.0,bf16,0.02016,20.16
A100,Qwen-72B,True,"void pytorch_flash::flash_fwd_kernel<Flash_fwd_kernel_traits<128, 128, 64, 4, 0, 0, cutlass::bfloat16_t, Flash_kernel_traits<128, 128, 64, 4, cutlass::bfloat16_t>>, 0, 1, 0, 0, 1, 1, 0, 0>(pytorch_flash::Flash_fwd_params)",1.0,128.0,64.0,128.0,8.0,bf16,0.02019,20.19
A100,Qwen-72B,True,"void pytorch_flash::flash_fwd_kernel<Flash_fwd_kernel_traits<128, 128, 64, 4, 0, 0, cutlass::bfloat16_t, Flash_kernel_traits<128, 128, 64, 4, cutlass::bfloat16_t>>, 0, 1, 0, 0, 1, 1, 0, 0>(pytorch_flash::Flash_fwd_params)",1.0,128.0,64.0,128.0,8.0,bf16,0.01987,19.869999999999997
A100,Qwen-72B,True,"void pytorch_flash::flash_fwd_kernel<Flash_fwd_kernel_traits<128, 128, 64, 4, 0, 0, cutlass::bfloat16_t, Flash_kernel_traits<128, 128, 64, 4, cutlass::bfloat16_t>>, 0, 1, 0, 0, 1, 1, 0, 0>(pytorch_flash::Flash_fwd_params)",1.0,128.0,64.0,128.0,8.0,bf16,0.0198099999999999,19.8099999999999
A100,Qwen-72B,True,"void pytorch_flash::flash_fwd_kernel<Flash_fwd_kernel_traits<128, 128, 64, 4, 0, 0, cutlass::bfloat16_t, Flash_kernel_traits<128, 128, 64, 4, cutlass::bfloat16_t>>, 0, 1, 0, 0, 1, 1, 0, 0>(pytorch_flash::Flash_fwd_params)",1.0,128.0,64.0,128.0,8.0,bf16,0.02013,20.13
A100,Qwen-72B,True,"void pytorch_flash::flash_fwd_kernel<Flash_fwd_kernel_traits<128, 128, 64, 4, 0, 0, cutlass::bfloat16_t, Flash_kernel_traits<128, 128, 64, 4, cutlass::bfloat16_t>>, 0, 1, 0, 0, 1, 1, 0, 0>(pytorch_flash::Flash_fwd_params)",1.0,128.0,64.0,128.0,8.0,bf16,0.01994,19.939999999999998
A100,Qwen-72B,True,"void pytorch_flash::flash_fwd_kernel<Flash_fwd_kernel_traits<128, 128, 64, 4, 0, 0, cutlass::bfloat16_t, Flash_kernel_traits<128, 128, 64, 4, cutlass::bfloat16_t>>, 0, 1, 0, 0, 1, 1, 0, 0>(pytorch_flash::Flash_fwd_params)",1.0,128.0,64.0,128.0,8.0,bf16,0.01984,19.84
A100,Qwen-72B,True,"void pytorch_flash::flash_fwd_kernel<Flash_fwd_kernel_traits<128, 128, 64, 4, 0, 0, cutlass::bfloat16_t, Flash_kernel_traits<128, 128, 64, 4, cutlass::bfloat16_t>>, 0, 1, 0, 0, 1, 1, 0, 0>(pytorch_flash::Flash_fwd_params)",1.0,128.0,64.0,128.0,8.0,bf16,0.0200599999999999,20.0599999999999
A100,Qwen-72B,True,"void pytorch_flash::flash_fwd_kernel<Flash_fwd_kernel_traits<128, 128, 64, 4, 0, 0, cutlass::bfloat16_t, Flash_kernel_traits<128, 128, 64, 4, cutlass::bfloat16_t>>, 0, 1, 0, 0, 1, 1, 0, 0>(pytorch_flash::Flash_fwd_params)",1.0,128.0,64.0,128.0,8.0,bf16,0.0199699999999999,19.9699999999999
A100,Qwen-72B,True,"void pytorch_flash::flash_fwd_kernel<Flash_fwd_kernel_traits<128, 128, 64, 4, 0, 0, cutlass::bfloat16_t, Flash_kernel_traits<128, 128, 64, 4, cutlass::bfloat16_t>>, 0, 1, 0, 0, 1, 1, 0, 0>(pytorch_flash::Flash_fwd_params)",1.0,128.0,64.0,128.0,8.0,bf16,0.02016,20.16
A100,Qwen-72B,True,"void pytorch_flash::flash_fwd_kernel<Flash_fwd_kernel_traits<128, 128, 64, 4, 0, 0, cutlass::bfloat16_t, Flash_kernel_traits<128, 128, 64, 4, cutlass::bfloat16_t>>, 0, 1, 0, 0, 1, 1, 0, 0>(pytorch_flash::Flash_fwd_params)",1.0,128.0,64.0,128.0,8.0,bf16,0.0198999999999999,19.8999999999999
A100,Qwen-72B,True,"void pytorch_flash::flash_fwd_kernel<Flash_fwd_kernel_traits<128, 128, 64, 4, 0, 0, cutlass::bfloat16_t, Flash_kernel_traits<128, 128, 64, 4, cutlass::bfloat16_t>>, 0, 1, 0, 0, 1, 1, 0, 0>(pytorch_flash::Flash_fwd_params)",1.0,128.0,64.0,128.0,8.0,bf16,0.0199699999999999,19.9699999999999
A100,Qwen-72B,True,"void pytorch_flash::flash_fwd_kernel<Flash_fwd_kernel_traits<128, 128, 64, 4, 0, 0, cutlass::bfloat16_t, Flash_kernel_traits<128, 128, 64, 4, cutlass::bfloat16_t>>, 0, 1, 0, 0, 1, 1, 0, 0>(pytorch_flash::Flash_fwd_params)",1.0,128.0,64.0,128.0,8.0,bf16,0.0201,20.1
A100,Qwen-72B,True,"void pytorch_flash::flash_fwd_kernel<Flash_fwd_kernel_traits<128, 128, 64, 4, 0, 0, cutlass::bfloat16_t, Flash_kernel_traits<128, 128, 64, 4, cutlass::bfloat16_t>>, 0, 1, 0, 0, 1, 1, 0, 0>(pytorch_flash::Flash_fwd_params)",1.0,128.0,64.0,128.0,8.0,bf16,0.02003,20.029999999999998
A100,Qwen-72B,True,"void pytorch_flash::flash_fwd_kernel<Flash_fwd_kernel_traits<128, 128, 64, 4, 0, 0, cutlass::bfloat16_t, Flash_kernel_traits<128, 128, 64, 4, cutlass::bfloat16_t>>, 0, 1, 0, 0, 1, 1, 0, 0>(pytorch_flash::Flash_fwd_params)",1.0,128.0,64.0,128.0,8.0,bf16,0.0201,20.1
A100,Qwen-72B,True,"void pytorch_flash::flash_fwd_kernel<Flash_fwd_kernel_traits<128, 128, 64, 4, 0, 0, cutlass::bfloat16_t, Flash_kernel_traits<128, 128, 64, 4, cutlass::bfloat16_t>>, 0, 1, 0, 0, 1, 1, 0, 0>(pytorch_flash::Flash_fwd_params)",1.0,128.0,64.0,128.0,8.0,bf16,0.0199699999999999,19.9699999999999
A100,Qwen-72B,True,"void pytorch_flash::flash_fwd_kernel<Flash_fwd_kernel_traits<128, 128, 64, 4, 0, 0, cutlass::bfloat16_t, Flash_kernel_traits<128, 128, 64, 4, cutlass::bfloat16_t>>, 0, 1, 0, 0, 1, 1, 0, 0>(pytorch_flash::Flash_fwd_params)",1.0,128.0,64.0,128.0,8.0,bf16,0.02003,20.029999999999998
A100,Qwen-72B,True,"void pytorch_flash::flash_fwd_kernel<Flash_fwd_kernel_traits<128, 128, 64, 4, 0, 0, cutlass::bfloat16_t, Flash_kernel_traits<128, 128, 64, 4, cutlass::bfloat16_t>>, 0, 1, 0, 0, 1, 1, 0, 0>(pytorch_flash::Flash_fwd_params)",1.0,128.0,64.0,128.0,8.0,bf16,0.02016,20.16
A100,Qwen-72B,True,"void pytorch_flash::flash_fwd_kernel<Flash_fwd_kernel_traits<128, 128, 64, 4, 0, 0, cutlass::bfloat16_t, Flash_kernel_traits<128, 128, 64, 4, cutlass::bfloat16_t>>, 0, 1, 0, 0, 1, 1, 0, 0>(pytorch_flash::Flash_fwd_params)",1.0,128.0,64.0,128.0,8.0,bf16,0.0201,20.1
A100,Qwen-72B,True,"void pytorch_flash::flash_fwd_kernel<Flash_fwd_kernel_traits<128, 128, 64, 4, 0, 0, cutlass::bfloat16_t, Flash_kernel_traits<128, 128, 64, 4, cutlass::bfloat16_t>>, 0, 1, 0, 0, 1, 1, 0, 0>(pytorch_flash::Flash_fwd_params)",1.0,128.0,64.0,128.0,8.0,bf16,0.02022,20.22
A100,Qwen-72B,True,"void pytorch_flash::flash_fwd_kernel<Flash_fwd_kernel_traits<128, 128, 64, 4, 0, 0, cutlass::bfloat16_t, Flash_kernel_traits<128, 128, 64, 4, cutlass::bfloat16_t>>, 0, 1, 0, 0, 1, 1, 0, 0>(pytorch_flash::Flash_fwd_params)",1.0,128.0,64.0,128.0,8.0,bf16,0.01987,19.869999999999997
A100,Qwen-72B,True,"void pytorch_flash::flash_fwd_kernel<Flash_fwd_kernel_traits<128, 128, 64, 4, 0, 0, cutlass::bfloat16_t, Flash_kernel_traits<128, 128, 64, 4, cutlass::bfloat16_t>>, 0, 1, 0, 0, 1, 1, 0, 0>(pytorch_flash::Flash_fwd_params)",1.0,128.0,64.0,128.0,8.0,bf16,0.02022,20.22
A100,Qwen-72B,True,"void pytorch_flash::flash_fwd_kernel<Flash_fwd_kernel_traits<128, 128, 64, 4, 0, 0, cutlass::bfloat16_t, Flash_kernel_traits<128, 128, 64, 4, cutlass::bfloat16_t>>, 0, 1, 0, 0, 1, 1, 0, 0>(pytorch_flash::Flash_fwd_params)",1.0,128.0,64.0,128.0,8.0,bf16,0.02016,20.16
A100,Qwen-72B,True,"void pytorch_flash::flash_fwd_kernel<Flash_fwd_kernel_traits<128, 128, 64, 4, 0, 0, cutlass::bfloat16_t, Flash_kernel_traits<128, 128, 64, 4, cutlass::bfloat16_t>>, 0, 1, 0, 0, 1, 1, 0, 0>(pytorch_flash::Flash_fwd_params)",1.0,128.0,64.0,128.0,8.0,bf16,0.0201,20.1
A100,Qwen-72B,True,"void pytorch_flash::flash_fwd_kernel<Flash_fwd_kernel_traits<128, 128, 64, 4, 0, 0, cutlass::bfloat16_t, Flash_kernel_traits<128, 128, 64, 4, cutlass::bfloat16_t>>, 0, 1, 0, 0, 1, 1, 0, 0>(pytorch_flash::Flash_fwd_params)",1.0,128.0,64.0,128.0,8.0,bf16,0.02003,20.029999999999998
A100,Qwen-72B,True,"void pytorch_flash::flash_fwd_kernel<Flash_fwd_kernel_traits<128, 128, 64, 4, 0, 0, cutlass::bfloat16_t, Flash_kernel_traits<128, 128, 64, 4, cutlass::bfloat16_t>>, 0, 1, 0, 0, 1, 1, 0, 0>(pytorch_flash::Flash_fwd_params)",1.0,128.0,64.0,128.0,8.0,bf16,0.02003,20.029999999999998
A100,Qwen-72B,True,"void pytorch_flash::flash_fwd_kernel<Flash_fwd_kernel_traits<128, 128, 64, 4, 0, 0, cutlass::bfloat16_t, Flash_kernel_traits<128, 128, 64, 4, cutlass::bfloat16_t>>, 0, 1, 0, 0, 1, 1, 0, 0>(pytorch_flash::Flash_fwd_params)",1.0,128.0,64.0,128.0,8.0,bf16,0.0200599999999999,20.0599999999999
A100,Qwen-72B,True,"void pytorch_flash::flash_fwd_kernel<Flash_fwd_kernel_traits<128, 128, 64, 4, 0, 0, cutlass::bfloat16_t, Flash_kernel_traits<128, 128, 64, 4, cutlass::bfloat16_t>>, 0, 1, 0, 0, 1, 1, 0, 0>(pytorch_flash::Flash_fwd_params)",1.0,128.0,64.0,128.0,8.0,bf16,0.0199699999999999,19.9699999999999
A100,Qwen-72B,True,"void pytorch_flash::flash_fwd_kernel<Flash_fwd_kernel_traits<128, 128, 64, 4, 0, 0, cutlass::bfloat16_t, Flash_kernel_traits<128, 128, 64, 4, cutlass::bfloat16_t>>, 0, 1, 0, 0, 1, 1, 0, 0>(pytorch_flash::Flash_fwd_params)",1.0,128.0,64.0,128.0,8.0,bf16,0.02026,20.26
A100,Qwen-72B,True,"void pytorch_flash::flash_fwd_kernel<Flash_fwd_kernel_traits<128, 128, 64, 4, 0, 0, cutlass::bfloat16_t, Flash_kernel_traits<128, 128, 64, 4, cutlass::bfloat16_t>>, 0, 1, 0, 0, 1, 1, 0, 0>(pytorch_flash::Flash_fwd_params)",1.0,128.0,64.0,128.0,8.0,bf16,0.02003,20.029999999999998
A100,Qwen-72B,True,"void pytorch_flash::flash_fwd_kernel<Flash_fwd_kernel_traits<128, 128, 64, 4, 0, 0, cutlass::bfloat16_t, Flash_kernel_traits<128, 128, 64, 4, cutlass::bfloat16_t>>, 0, 1, 0, 0, 1, 1, 0, 0>(pytorch_flash::Flash_fwd_params)",1.0,128.0,64.0,128.0,8.0,bf16,0.0201,20.1
A100,Qwen-72B,True,"void pytorch_flash::flash_fwd_kernel<Flash_fwd_kernel_traits<128, 128, 64, 4, 0, 0, cutlass::bfloat16_t, Flash_kernel_traits<128, 128, 64, 4, cutlass::bfloat16_t>>, 0, 1, 0, 0, 1, 1, 0, 0>(pytorch_flash::Flash_fwd_params)",1.0,128.0,64.0,128.0,8.0,bf16,0.0201,20.1
A100,Qwen-72B,True,"void pytorch_flash::flash_fwd_kernel<Flash_fwd_kernel_traits<128, 128, 64, 4, 0, 0, cutlass::bfloat16_t, Flash_kernel_traits<128, 128, 64, 4, cutlass::bfloat16_t>>, 0, 1, 0, 0, 1, 1, 0, 0>(pytorch_flash::Flash_fwd_params)",1.0,128.0,64.0,128.0,8.0,bf16,0.02022,20.22
A100,Qwen-72B,True,"void pytorch_flash::flash_fwd_kernel<Flash_fwd_kernel_traits<128, 128, 64, 4, 0, 0, cutlass::bfloat16_t, Flash_kernel_traits<128, 128, 64, 4, cutlass::bfloat16_t>>, 0, 1, 0, 0, 1, 1, 0, 0>(pytorch_flash::Flash_fwd_params)",1.0,128.0,64.0,128.0,8.0,bf16,0.02022,20.22
A100,Qwen-72B,True,"void pytorch_flash::flash_fwd_kernel<Flash_fwd_kernel_traits<128, 128, 64, 4, 0, 0, cutlass::bfloat16_t, Flash_kernel_traits<128, 128, 64, 4, cutlass::bfloat16_t>>, 0, 1, 0, 0, 1, 1, 0, 0>(pytorch_flash::Flash_fwd_params)",1.0,128.0,64.0,128.0,8.0,bf16,0.02019,20.19
A100,Qwen-72B,True,"void pytorch_flash::flash_fwd_kernel<Flash_fwd_kernel_traits<128, 128, 64, 4, 0, 0, cutlass::bfloat16_t, Flash_kernel_traits<128, 128, 64, 4, cutlass::bfloat16_t>>, 0, 1, 0, 0, 1, 1, 0, 0>(pytorch_flash::Flash_fwd_params)",1.0,128.0,64.0,128.0,8.0,bf16,0.02,20.0
A100,Qwen-72B,True,"void pytorch_flash::flash_fwd_kernel<Flash_fwd_kernel_traits<128, 128, 64, 4, 0, 0, cutlass::bfloat16_t, Flash_kernel_traits<128, 128, 64, 4, cutlass::bfloat16_t>>, 0, 1, 0, 0, 1, 1, 0, 0>(pytorch_flash::Flash_fwd_params)",1.0,128.0,64.0,128.0,8.0,bf16,0.0201,20.1
A100,Qwen-72B,True,"void pytorch_flash::flash_fwd_kernel<Flash_fwd_kernel_traits<128, 128, 64, 4, 0, 0, cutlass::bfloat16_t, Flash_kernel_traits<128, 128, 64, 4, cutlass::bfloat16_t>>, 0, 1, 0, 0, 1, 1, 0, 0>(pytorch_flash::Flash_fwd_params)",1.0,128.0,64.0,128.0,8.0,bf16,0.01968,19.68
A100,Qwen-72B,True,"void pytorch_flash::flash_fwd_kernel<Flash_fwd_kernel_traits<128, 128, 64, 4, 0, 0, cutlass::bfloat16_t, Flash_kernel_traits<128, 128, 64, 4, cutlass::bfloat16_t>>, 0, 1, 0, 0, 1, 1, 0, 0>(pytorch_flash::Flash_fwd_params)",1.0,128.0,64.0,128.0,8.0,bf16,0.0200599999999999,20.0599999999999
A100,Qwen-72B,True,"void pytorch_flash::flash_fwd_kernel<Flash_fwd_kernel_traits<128, 128, 64, 4, 0, 0, cutlass::bfloat16_t, Flash_kernel_traits<128, 128, 64, 4, cutlass::bfloat16_t>>, 0, 1, 0, 0, 1, 1, 0, 0>(pytorch_flash::Flash_fwd_params)",1.0,128.0,64.0,128.0,8.0,bf16,0.0197399999999999,19.7399999999999
A100,Qwen-72B,True,"void pytorch_flash::flash_fwd_kernel<Flash_fwd_kernel_traits<128, 128, 64, 4, 0, 0, cutlass::bfloat16_t, Flash_kernel_traits<128, 128, 64, 4, cutlass::bfloat16_t>>, 0, 1, 0, 0, 1, 1, 0, 0>(pytorch_flash::Flash_fwd_params)",1.0,128.0,64.0,128.0,8.0,bf16,0.02045,20.45
A100,Qwen-72B,True,"void pytorch_flash::flash_fwd_kernel<Flash_fwd_kernel_traits<128, 128, 64, 4, 0, 0, cutlass::bfloat16_t, Flash_kernel_traits<128, 128, 64, 4, cutlass::bfloat16_t>>, 0, 1, 0, 0, 1, 1, 0, 0>(pytorch_flash::Flash_fwd_params)",1.0,128.0,64.0,128.0,8.0,bf16,0.02019,20.19
A100,Qwen-72B,True,"void pytorch_flash::flash_fwd_kernel<Flash_fwd_kernel_traits<128, 128, 64, 4, 0, 0, cutlass::bfloat16_t, Flash_kernel_traits<128, 128, 64, 4, cutlass::bfloat16_t>>, 0, 1, 0, 0, 1, 1, 0, 0>(pytorch_flash::Flash_fwd_params)",1.0,128.0,64.0,128.0,8.0,bf16,0.02032,20.32
A100,Qwen-72B,True,"void pytorch_flash::flash_fwd_kernel<Flash_fwd_kernel_traits<128, 128, 64, 4, 0, 0, cutlass::bfloat16_t, Flash_kernel_traits<128, 128, 64, 4, cutlass::bfloat16_t>>, 0, 1, 0, 0, 1, 1, 0, 0>(pytorch_flash::Flash_fwd_params)",1.0,128.0,64.0,128.0,8.0,bf16,0.02042,20.42
A100,Qwen-72B,True,"void pytorch_flash::flash_fwd_kernel<Flash_fwd_kernel_traits<128, 128, 64, 4, 0, 0, cutlass::bfloat16_t, Flash_kernel_traits<128, 128, 64, 4, cutlass::bfloat16_t>>, 0, 1, 0, 0, 1, 1, 0, 0>(pytorch_flash::Flash_fwd_params)",1.0,128.0,64.0,128.0,8.0,bf16,0.02022,20.22
